YuGiOhVersion,Abbreviation,NameJA,NameKO,NameEN,ReleaseDate
OCG,WJ,LIMITED EDITION 2 - 遊戯パック -,,,2000-04-01
OCG,MR,Magic Ruler - 魔法の支配者 -,,,2000-04-20
OCG,VB,公式カードカタログ ザ・ヴァリュアブル・ブック 2 付録カード,,,2000-04-20
OCG,LB,青眼の白龍伝説 - Legend of BlueEyesWhiteDragon -,,,2000-05-18
OCG,B1,Booster R1,,,2000-06-23
OCG,G3,遊戯王デュエルモンスターズIII 三聖戦神降臨 同梱カード,,,2000-07-13
OCG,PS,Pharaoh's Servant - ファラオのしもべ -,,,2000-07-13
OCG,VJ,Vジャンプ 2000年 7月号 付録カード,,,2000-07-21
OCG,P3,PREMIUM PACK 3,,,2000-08-10
OCG,PG,幻の召喚神 - Phantom God -,,,2000-08-10
OCG,B2,Booster R2,,,2000-09-09
OCG,CA,Curse of Anubis - アヌビスの呪い -,,,2000-09-28
OCG,RB,暗黒魔竜復活 - Revival Of BlackDemons Dragon -,,,2000-10-26
OCG,B3,Booster R3,,,2000-11-23
OCG,EX,EX-R [ 二人対戦用構築済みデッキセット ],,,2000-11-23
OCG,G4,Vジャンプブックス 遊戯王デュエルモンスターズ4 最強決闘者戦記 上巻 キャンペーン攻略極意 付録カード,,,2000-12-07
OCG,TB,Thousand Eyes Bible - 千眼の魔術書 -,,,2000-12-14
OCG,TR,遊戯王 オフィシャルカードゲーム デュエルモンスターズ 公式ルールガイド サウザンド・ルール・バイブル 付録カード,,,2000-12-21
OCG,P4,PREMIUM PACK 4,,,2001-01-18
OCG,ME,鋼鉄の襲撃者 - METAL RAIDERS -,,,2001-02-22
OCG,L3,LIMITED EDITION 3 - 遊戯パック -,,,2001-04-01
OCG,SM,Spell Of Mask - 仮面の呪縛 -,,,2001-04-19
OCG,YU,ストラクチャーデッキ - 遊戯編 -,,,2001-06-28
OCG,G5,遊戯王デュエルモンスターズ5 エキスパート1 同梱カード,,,2001-07-05
OCG,LN,Labyrinth of Nightmare - 悪夢の迷宮 -,,,2001-07-12
OCG,T3,アジアチャンピオンシップ 2001,,,2001-08-12
OCG,BC,Booster Chronicle,,,2001-08-30
OCG,S2,遊戯王真デュエルモンスターズ2 継承されし記憶,,,2001-09-06
OCG,SC,Struggle of Chaos - 闇を制する者 -,,,2001-09-20
OCG,JY,ストラクチャーデッキ - 城之内編 -,,,2001-10-25
OCG,MA,Mythological Age - 蘇りし魂 -,,,2001-11-29
OCG,G6,Vジャンプブックス 遊戯王デュエルモンスターズ6 エキスパート2 上巻 付録カード,,,2001-12-20
OCG,P5,PREMIUM PACK 5,,,2001-12-22
OCG,KA,ストラクチャーデッキ - 海馬編 -,,,2002-01-24
TCG,DDS,,,Yu-Gi-Oh! Dark Duel Stories Bundles,2002-03-19
TCG,FMR,,,Yu-Gi-Oh! FORBIDDEN MEMORIES Bundles,2002-03-20
OCG,PE,ストラクチャーデッキ - ペガサス・J・クロフォード編 -,,,2002-03-21
OCG,PH,Pharaonic Guardian - 王家の守護者 -,,,2002-03-21
TCG,SDK,,스타터 덱 - 카이바 편 -,STARTER DECK KAIBA,2002-03-29
TCG,SDY,,스타터 덱 - 유희 편 -,STARTER DECK YUGI,2002-03-29
OCG,LE4,LIMITED EDITION 4 - マリクパック -,,,2002-05-01
OCG,301,新たなる支配者,,,2002-05-16
OCG,VJC,Vジャンプ 2002年 7月号 付録カード,,,2002-05-21
OCG,DL1,DUELIST LEGACY Volume 1,,DUELIST LEAGUE SERIES 1,2002-06-20
OCG,GB7,遊戯王デュエルモンスターズ7 決闘都市伝説 同梱カード,,,2002-07-04
OCG,302,ユニオンの降臨,,,2002-07-18
OCG,DL2,DUELIST LEGACY Volume 2,,DUELIST LEAGUE SERIES 2,2002-08-22
TCG,TP1,,,TOURNAMENT PACK 1ST SEASON,2002-09-01
TCG,MRL,,,SPELL RULER,2002-09-16
OCG,303,黒魔導の覇者,,,2002-09-19
TCG,TP2,,,TOURNAMENT PACK 2ND SEASON,2002-10-01
OCG,VB5,公式カードカタログ ザ・ヴァリュアブル・ブック 5 付録カード,,,2002-10-04
TCG,EDS,,,Yu-Gi-Oh! THE ETERNAL DUELIST SOUL Bundles,2002-10-15
OCG,YCB,遊戯王 キャラクターズガイドブック - 真理の福音 - 付録カード,,,2002-11-01
OCG,304,ガーディアンの力,,,2002-11-21
OCG,PC1,2002/12 プロモーションカード,,,2002-12-01
OCG,JCY,遊戯王 第31巻 付録カード,,,2002-12-04
OCG,DL3,DUELIST LEGACY Volume 3,,DUELIST LEAGUE SERIES 3,2002-12-12
OCG,JMP,週刊少年ジャンプ 2003年 3・4号 付録カード,,SHONEN JUMP Promotional Card - December 2002 -,2002-12-17
TCG,MP1,,,Promotional Cards 1,2002-12-20
OCG,BPT,BOOSTER PACK COLLECTORS TIN 2003,,BOOSTER PACK TIN 2003,2003-01-16
OCG,DL4,DUELIST LEGACY Volume 4,,DUELIST LEAGUE SERIES 4,2003-01-23
TCG,DOR,,,Yu-Gi-Oh! THE DUELISTS OF THE ROSES Bundles,2003-02-16
OCG,305,闇魔界の脅威,,,2003-02-20
TCG,LON,,악몽의 미궁,LABYRINTH OF NIGHTMARE,2003-03-01
TCG,TP3,,,TOURNAMENT PACK 3RD SEASON,2003-03-01
OCG,GB8,遊戯王デュエルモンスターズ8 破滅の大邪神 同梱カード,,,2003-03-20
TCG,SDJ,,스타터 덱 - 조이 편 -,STARTER DECK JOEY,2003-03-30
TCG,SDP,,스타터 덱 - 페가수스 편 -,STARTER DECK PEGASUS,2003-03-30
TCG,SDD,,,Yu-Gi-Oh! Worldwide Edition - Stairway to the Destined Duel - Bundles,2003-04-15
OCG,GBI,Vジャンプブックス 遊戯王デュエルモンスターズ インターナショナル ワールドワイドエディション 付録カード,,,2003-04-17
OCG,306,混沌を制す者,,,2003-04-24
OCG,DL5,DUELIST LEGACY Volume 5,,DUELIST LEAGUE SERIES 5,2003-04-24
OCG,LE5,LIMITED EDITION 5 - 遊戯パック -,,,2003-05-01
OCG,PC2,2003/05 プロモーションカード,,,2003-05-01
OCG,SY2,ストラクチャーデッキ - 遊戯編 - Volume 2,,,2003-05-22
TCG,LOD,,어둠의 유산,LEGACY OF DARKNESS,2003-06-06
OCG,WCS,Yu-Gi-Oh! WORLD CHAMPIONSHIP 2003,,Yu-Gi-Oh! WORLD CHAMPIONSHIP 2003,2003-06-27
OCG,307,暗黒の侵略者,,,2003-07-17
TCG,PGD,,왕가의 수호자,PHARAONIC GUARDIAN,2003-07-18
OCG,SJ2,ストラクチャーデッキ - 城之内編 - Volume 2,,,2003-08-07
OCG,VB6,公式カードカタログ ザ・ヴァリュアブル・ブック 6 付録カード,,,2003-09-19
TCG,TP4,,,TOURNAMENT PACK 4,2003-10-01
TCG,MFC,,매지션의 힘,MAGICIAN'S FORCE,2003-10-10
TCG,TFK,,,Yu-Gi-Oh! The Falsebound Kingdom Bundles,2003-11-04
TCG,TSC,,,Yu-Gi-Oh! The Sacred Cards Bundles,2003-11-04
TCG,PCY,,,Yu-Gi-Oh! POWER OF CHAOS YUGI THE DESTINY Bundles,2003-11-18
OCG,308,天空の聖域,,,2003-11-20
OCG,SDX,STRUCTURE DECK - デラックスセット -,,,2003-12-11
OCG,SK2,ストラクチャーデッキ - 海馬編 - Volume 2,,,2003-12-11
OCG,BP1,BEGINNERS PACK,비기너즈 팩 Vol.1,,2004-02-05
OCG,EX3,Vジャンプブックス 遊戯王デュエルモンスターズ エキスパート3 付録カード,,,2004-02-05
TCG,WC4,,,Yu-Gi-Oh! World Championship Tournament 2004 Bundles,2004-02-10
OCG,309,ファラオの遺産,,,2004-02-26
TCG,SKE,,스타터 덱 - 카이바 편 - 에볼루션,STARTER DECK KAIBA Evolution,2004-03-01
TCG,SYE,,스타터 덱 - 유희 편 - 에볼루션,STARTER DECK YUGI Evolution,2004-03-01
OCG,PP6,PREMIUM PACK 6,,,2004-03-11
TCG,DOD,,,Yu-Gi-Oh! THE DAWN OF DESTINY Bundles,2004-03-23
OCG,SDM,ストラクチャーデッキ - マリク編 -,,,2004-03-25
OCG,PC3,2004/04 プロモーションカード,,,2004-04-01
TCG,PCK,,,Yu-Gi-Oh! POWER OF CHAOS KAIBA THE REVENGE Bundles,2004-04-06
OCG,LE6,LIMITED EDITION 6,,,2004-05-01
OCG,SOD,ソウル・オブ・ザ・デュエリスト [ SOUL OF THE DUELIST ],듀얼리스트의 투혼,SOUL OF THE DUELIST,2004-05-27
TCG,AST,,천공의 성역,ANCIENT SANCTUARY,2004-06-01
OCG,BE1,BEGINNER'S EDITION 1,,,2004-06-24
TCG,PCJ,,,Yu-Gi-Oh! POWER OF CHAOS JOEY THE PASSION Bundles,2004-06-29
TCG,ROD,,,Yu-Gi-Oh! RESHEF OF DESTRUCTION Bundles,2004-06-29
OCG,PC4,2004/07 プロモーションカード,,,2004-07-01
OCG,CMC,遊戯王 カプセルモンスターコロシアム 同梱カード,,Yu-Gi-Oh! CAPSULE MONSTER COLISEUM Bundles,2004-07-29
TCG,EP1,,EXCLUSIVE PACK,EXCLUSIVE PACK,2004-08-01
OCG,PP7,PREMIUM PACK 7,,,2004-08-05
OCG,RDS,ライズ・オブ・デスティニー [ RISE OF DESTINY ],운명의 시작,RISE OF DESTINY,2004-08-05
OCG,VB7,公式カードカタログ ザ・ヴァリュアブル・ブック 7 付録カード,,,2004-08-25
TCG,CT1,,,COLLECTIBLE TIN SERIES 1,2004-09-01
OCG,EE1,EXPERT EDITION Volume 1,,,2004-09-23
OCG,MG1,Yu-Gi-Oh! Official Card Game Duelmonsters MASTER GUIDE 同梱カード,,,2004-09-28
TCG,HL1,,,HOBBY LEAGUE 1,2004-10-01
TCG,DB1,,,DARK BEGINNING 1,2004-10-12
OCG,LE7,LIMITED EDITION 7,,,2004-10-21
TCG,DBT,,,Yu-Gi-Oh! Destiny Board Traveler Bundles,2004-10-26
TCG,TP5,,,TOURNAMENT PACK 5,2004-11-01
OCG,MOV,Yu-Gi-Oh! THE MOVIE 試写会来場者配布カード,유희왕 극장판 시공을 초월한 우정 입장자 특전 카드,MOVIE PACK,2004-11-03
OCG,FET,フレイミング・エターニティ [ FLAMING ETERNITY ],영원한 화염,FLAMING ETERNITY,2004-11-25
TCG,DL6,,,DUELIST LEAGUE SERIES 6,2004-12-01
TCG,SJC,,,SHONEN JUMP Championship 2004,2004-12-04
OCG,BE2,BEGINNER'S EDITION 2,,,2004-12-09
OCG,SD1,ストラクチャーデッキ - ドラゴンの力 -,스트럭처 덱 - 드래곤의 힘 -,STRUCTURE DECK DRAGON'S ROAR,2004-12-09
OCG,SD2,ストラクチャーデッキ - アンデットの脅威 -,스트럭처 덱 - 언데드의 위협 -,STRUCTURE DECK ZOMBIE MADNESS,2004-12-09
OCG,PP8,PREMIUM PACK 8,,,2004-12-18
OCG,YC1,,유희왕 오피셜 카드게임 카드 공략집,,2004-12-18
OCG,DI2,遊戯王デュエルモンスターズ インターナショナル2 同梱カード,,,2004-12-30
OCG,PC5,2005/01 プロモーションカード,,,2005-01-01
OCG,SD3,ストラクチャーデッキ - 灼熱の大地 -,스트럭처 덱 - 작열하는 대지 -,STRUCTURE DECK BLAZE OF DESTRUCTION,2005-01-20
TCG,WC5,,,Yu-Gi-Oh! 7 Trials to Glory - World Championship Tournament 2005 - Bundles,2005-02-15
OCG,TLM,ザ・ロスト・ミレニアム [ THE LOST MILLENNIUM ],잃어버린 천년,THE LOST MILLENNIUM,2005-02-24
OCG,YR1,遊戯王R 第1巻 付録カード,,,2005-03-04
OCG,EE2,EXPERT EDITION Volume 2,,,2005-03-17
OCG,MC1,MASTER COLLECTION,,,2005-03-17
OCG,SD4,ストラクチャーデッキ - 海竜神の怒り -,스트럭처 덱 - 해룡신의 분노 -,STRUCTURE DECK FURY FROM THE DEEP,2005-03-17
TCG,DR1,,,DARK REVELATION Volume 1,2005-03-19
TCG,DL7,,,DUELIST LEAGUE SERIES 7,2005-04-01
OCG,LE8,LIMITED EDITION 8,,,2005-05-21
OCG,CRV,サイバネティック・レボリューション [ CYBERNETIC REVOLUTION ],사이버 혁명,CYBERNETIC REVOLUTION,2005-05-26
TCG,TP6,,,TOURNAMENT PACK 6,2005-06-01
OCG,SD5,ストラクチャーデッキ - 戦士の伝説 -,스트럭처 덱 - 전사의 전설 -,STRUCTURE DECK WARRIOR'S TRIUMPH,2005-06-16
OCG,JHS,週刊少年ジャンプ・Vジャンプ特別編集増刊 ジャンプヒーローズ 付録カード,,,2005-06-30
TCG,DL8,,,DUELIST LEAGUE SERIES 8,2005-06-30
OCG,PC6,2005/07 プロモーションカード,,,2005-07-01
OCG,NTR,遊戯王デュエルモンスターズ NIGHTMARE TROUBADOUR 同梱カード,,Yu-Gi-Oh! NIGHTMARE TROUBADOUR Bundles,2005-07-21
TCG,DB2,,,DARK BEGINNING 2,2005-07-27
TCG,SP1,,,CYBERNETIC REVOLUTION Sneak Peek,2005-08-06
OCG,EEN,エレメンタル・エナジー [ ELEMENTAL ENERGY ],절대원소의 힘,ELEMENTAL ENERGY,2005-08-11
OCG,VB8,公式カードカタログ ザ・ヴァリュアブル・ブック 8 付録カード,,,2005-08-25
TCG,CT2,,,COLLECTIBLE TIN SERIES 2,2005-09-01
OCG,SD6,ストラクチャーデッキ - 魔法使いの裁き -,스트럭처 덱 - 마법사의 심판 -,STRUCTURE DECK SPELLCASTER'S JUDGMENT,2005-09-22
OCG,DD1,デュエルディスク,,,2005-10-13
OCG,GX1,遊戯王デュエルモンスターズGX めざせデュエルキング! 同梱カード,,Yu-Gi-Oh! GX Duel Academy Bundles,2005-10-13
TCG,DR2,,,DARK REVELATION Volume 2,2005-10-20
OCG,DP2,デュエリストパック - 万丈目編 -,듀얼리스트 팩 - 만죠메 편 -,DUELIST PACK - CHAZZ PRINCETON -,2005-10-20
OCG,DP1,デュエリストパック - 十代編 -,듀얼리스트 팩 - 주다이 편 -,DUELIST PACK - JADEN YUKI -,2005-10-20
TCG,TP7,,,TOURNAMENT PACK 7,2005-11-01
OCG,SOI,シャドウ・オブ・インフィニティ [ SHADOW OF INFINITY ],무한의 그림자,SHADOW OF INFINITY SPECIAL EDITION,2005-11-17
OCG,DD2,アカデミーデュエルディスク,,,2005-12-01
OCG,EE3,EXPERT EDITION Volume 3,,,2005-12-08
OCG,SD7,ストラクチャーデッキ - 守護神の砦 -,스트럭처 덱 - 무적의 요새 -,STRUCTURE DECK INVINCIBLE FORTRESS,2005-12-08
OCG,WJC,週刊少年ジャンプ 2006年 2号 付録カード,,,2005-12-12
OCG,PP9,PREMIUM PACK 9,,,2005-12-17
TCG,PT1,,,PHARAOH TOUR 2005,2005-12-17
TCG,HL2,,,HOBBY LEAGUE 2,2006-01-01
TCG,DL9,,,DUELIST LEAGUE SERIES 9,2006-01-03
OCG,PC7,2006/02 プロモーションカード,,,2006-02-01
OCG,EOJ,エネミー・オブ・ジャスティス [ ENEMY OF JUSTICE ],정의의 적,ENEMY OF JUSTICE,2006-02-16
TCG,SP2,,,SHADOW OF INFINITY Sneak Peek,2006-02-18
OCG,E06,遊戯王デュエルモンスターズ エキスパート2006 同梱カード,,,2006-02-23
OCG,W6S,遊戯王 WORLD CHAMPIONSHIP 2006 SET 同梱カード,,,2006-02-23
TCG,WC6,,,Yu-Gi-Oh! ULTIMATE MASTERS - World Championship Tournament 2006 - Bundles,2006-03-14
OCG,DMG,DUEL MASTER'S GUIDE,마스터즈 가이드,,2006-03-15
OCG,MC2,MASTER COLLECTION Volume 2,,,2006-03-16
OCG,SD8,ストラクチャーデッキ - 烈風の覇者 -,스트럭처 덱 - 열풍의 패왕 -,STRUCTURE DECK LORD OF THE STORM,2006-03-16
OCG,YSD,STARTER DECK 2006,,STARTER DECK 2006,2006-03-23
OCG,ADD,アカデミーデュエルディスク 通常版,,,2006-04-27
TCG,DL10,,,DUELIST LEAGUE SERIES 10,2006-04-28
TCG,TP8,,,TOURNAMENT PACK 8,2006-04-28
OCG,SDS,,스트럭처 덱 - 작열하는 대지 - - 해룡신의 분노 - - 스페셜 세트 - 특전 카드,,2006-04-29
OCG,PC8,2006/05 プロモーションカード,,,2006-05-01
OCG,POTD,パワー・オブ・ザ・デュエリスト [ POWER OF THE DUELIST ],듀얼리스트의 능력,POWER OF THE DUELIST,2006-05-18
OCG,HGP1,,하이 그레이드 팩 Vol.1,,2006-05-20
OCG,LE09,LIMITED EDITION 9 - アルティメットセブンパック -,,,2006-05-20
TCG,HL03,,,HOBBY LEAGUE 3,2006-06-01
OCG,SD09,ストラクチャーデッキ - 恐竜の鼓動 -,스트럭처 덱 - 고대룡의 분노 - 스페셜 에디션,STRUCTURE DECK DINOSAUR'S RAGE,2006-06-22
OCG,WCPS,Yu-Gi-Oh! WORLD CHAMPIONSHIP 2006,,Yu-Gi-Oh! WORLD CHAMPIONSHIP 2006,2006-07-02
TCG,SP02,,,POWER OF THE DUELIST Sneak Peek,2006-08-05
OCG,CDIP,サイバーダーク・インパクト [ CYBERDARK IMPACT ],사이버다크의 격돌,CYBERDARK IMPACT,2006-08-10
OCG,VB09,公式カードカタログ ザ・ヴァリュアブル・ブック 9 付録カード,,,2006-08-24
OCG,YR03,遊戯王R 第3巻 付録カード,,,2006-09-04
TCG,CT03,,,COLLECTIBLE TIN SERIES 3 WAVE 1,2006-09-11
OCG,SD10,ストラクチャーデッキ - 機械の叛乱 -,스트럭처 덱 - 기계의 반란 - 스페셜 에디션,STRUCTURE DECK MACHINE RE-VOLT,2006-09-14
OCG,GX02,遊戯王デュエルモンスターズGX TAG FORCE 同梱カード,,Yu-Gi-Oh! GX TAG FORCE Bundles,2006-09-14
TCG,MF02,,,Mattel Action Figure Series 2,2006-09-22
OCG,BP2,,비기너즈 팩 Vol.2,,2006-09-28
OCG,PC09,2006/10 プロモーションカード,,,2006-10-01
OCG,DP05,デュエリストパック - エド編 -,듀얼리스트 팩 - 에드 편 -,DUELIST PACK - ASTER PHOENIX -,2006-10-26
OCG,DP03,デュエリストパック - 十代編2 -,듀얼리스트 팩 - 주다이 편 2 -,DUELIST PACK - JADEN YUKI 2 -,2006-10-26
OCG,DP04,デュエリストパック - ヘルカイザー編 -,듀얼리스트 팩 - 헬카이저 편 -,DUELIST PACK - ZANE TRUESDALE -,2006-10-26
TCG,PT02,,,PHARAOH TOUR 2006,2006-10-28
OCG,YG01,遊戯王GX 第1巻 付録カード,,Yu-Gi-Oh! GX volume 1 Promotional Card,2006-11-02
OCG,ADDS,アカデミーデュエルディスク スペシャルセット,,,2006-11-09
TCG,CP01,,,CHAMPION PACK GAME ONE,2006-11-11
OCG,STON,ストライク・オブ・ネオス [ STRIKE OF NEOS ],네오스의 공격,STRIKE OF NEOS,2006-11-16
OCG,HGP2,,하이 그레이드 팩 Vol.2,,2006-11-17
TCG,DR3,,,DARK REVELATION Volume 3,2006-11-25
OCG,GX03,Vジャンプブックス 遊戯王デュエルモンスターズGX SPIRIT SUMMONER - マスター・オブ・スピリット - 付録カード,,Yu-Gi-Oh! GX SPIRIT CALLER Bundles,2006-11-30
OCG,SD11,ストラクチャーデッキ - 閃光の波動 -,,,2006-12-14
OCG,JF07,ジャンプフェスタ2007 プロモーションカード,,,2006-12-16
OCG,PP10,PREMIUM PACK 10,프리미엄 팩 Vol.10,,2006-12-16
OCG,DSK1,,듀얼디스크 GX 특전 카드,,2006-12-18
TCG,MDP2,,,Promotional Cards 2,2006-12-26
OCG,BPCT,BOOSTER PACK COLLECTORS TIN 2007,,,2007-01-18
TCG,SJCS,,,SHONEN JUMP Championship 2007 A,2007-01-27
TCG,CP02,,,CHAMPION PACK GAME TWO,2007-02-06
OCG,FOTB,フォース・オブ・ザ・ブレイカー [ FORCE OF THE BREAKER ],파괴자의 힘,FORCE OF THE BREAKER SPECIAL EDITION,2007-02-15
OCG,SD12,ストラクチャーデッキ - 暗闇の呪縛 -,,,2007-03-08
TCG,DPK,,,DUELIST PACK SPECIAL EDITION,2007-03-09
OCG,MC03,MASTER COLLECTION Volume 3,,,2007-03-15
OCG,WC07,遊戯王デュエルモンスターズ WORLD CHAMPIONSHIP 2007 同梱カード,,Yu-Gi-Oh! WORLD CHAMPIONSHIP 2007 Bundles,2007-03-15
OCG,YSD2,STARTER DECK 2007,,,2007-03-21
OCG,TP01,トーナメントパック2007 Vol.1,토너먼트 팩 Vol.1,,2007-04-01
TCG,HL04,,,HOBBY LEAGUE 4,2007-04-01
OCG,YR04,遊戯王R 第4巻 付録カード,,Yu-Gi-Oh! R volume 4 Promotional Card,2007-04-04
OCG,TAEV,タクティカル・エボリューション [ TACTICAL EVOLUTION ],전술의 발전,TACTICAL EVOLUTION SPECIAL EDITION,2007-05-12
TCG,CP03,,,CHAMPION PACK GAME THREE,2007-05-15
OCG,SD13,ストラクチャーデッキ - 巨竜の復活 -,스트럭처 덱 - 거대룡의 부활 - 스페셜 에디션,,2007-06-23
OCG,TP02,トーナメントパック2007 Vol.2,토너먼트 팩 Vol.2,,2007-07-01
TCG,HL05,,,HOBBY LEAGUE 5,2007-07-01
OCG,GLAS,グラディエイターズ・アサルト [ GLADIATOR'S ASSAULT ],검투사의 급습,GLADIATOR'S ASSAULT,2007-07-21
TCG,YSDJ,,,STARTER DECK JADEN YUKI,2007-07-25
TCG,YSDS,,,STARTER DECK SYRUS TRUESDALE,2007-07-25
TCG,PP01,,프리미엄 팩 Vol.1,PREMIUM PACK,2007-07-26
OCG,YG02,遊戯王GX 第2巻 付録カード,,Yu-Gi-Oh! GX volume 2 Promotional Card,2007-08-03
OCG,YDB1,遊戯王デュエルモンスターズGX CARD ALMANAC 同梱カード,,,2007-08-09
OCG,LE10,LIMITED EDITION 10 - HOLY WHITE -,,,2007-08-21
OCG,VB10,公式カードカタログ ザ・ヴァリュアブル・ブック 10 付録カード,,,2007-08-24
TCG,CT04,,,COLLECTIBLE TIN SERIES 4 WAVE 1,2007-08-29
TCG,CP04,,,CHAMPION PACK GAME FOUR,2007-09-06
OCG,DSK2,,듀얼디스크 GX 스페셜 세트 특전 카드,,2007-09-14
OCG,EE04,EXPERT EDITION Volume 4,,,2007-09-22
OCG,GX04,遊戯王デュエルモンスターズGX TAG FORCE 2 同梱カード,,Yu-Gi-Oh! GX TAG FORCE 2 Bundles,2007-09-27
OCG,TP03,トーナメントパック2007 Vol.3,토너먼트 팩 Vol.3,,2007-10-01
TCG,PT03,,,PHARAOH TOUR 2007,2007-10-13
OCG,DP06,デュエリストパック - 十代編3 -,듀얼리스트 팩 - 주다이 편 3 -,DUELIST PACK - JADEN YUKI 3 -,2007-10-20
OCG,DP07,デュエリストパック - ヨハン編 -,듀얼리스트 팩 - 요한 편 -,DUELIST PACK - JESSE ANDERSON -,2007-10-20
TCG,SDRL,,,RISE OF THE DRAGON LORDS STRUCTURE DECK,2007-10-24
TCG,GXNG,,,GX NEXT GENERATION,2007-11-03
TCG,EHC1,,,ELEMENTAL HERO COLLECTION,2007-11-13
TCG,EHC2,,,ELEMENTAL HERO COLLECTION 2,2007-11-13
TCG,DR04,,,DARK REVELATION Volume 4,2007-11-14
TCG,LDPP,,,LIGHT & DARKNESS - POWER PACK -,2007-11-14
OCG,ADDR,アカデミーデュエルディスク オシリスレッド,,,2007-11-23
OCG,PTDN,ファントム・ダークネス [ PHANTOM DARKNESS ],환영의 어둠,PHANTOM DARKNESS,2007-11-23
OCG,WC08,遊戯王デュエルモンスターズ WORLD CHAMPIONSHIP 2008 同梱カード,유희왕 월드챔피언십 2008 게임소프트 동봉 카드,Yu-Gi-Oh! WORLD CHAMPIONSHIP 2008 Bundles,2007-11-29
OCG,LE11,LIMITED EDITION 11,,,2007-11-30
OCG,GX05,遊戯王デュエルモンスターズGX TAG FORCE EVOLUTION 同梱カード,,Yu-Gi-Oh! GX The Beginning of Destiny Bundles,2007-12-06
OCG,SD14,ストラクチャーデッキ - 帝王の降臨 -,스트럭처 덱 - 황제의 강림 -,,2007-12-15
OCG,JF08,ジャンプフェスタ2008 プロモーションカード,,,2007-12-22
OCG,PP11,PREMIUM PACK 11,프리미엄 팩 Vol.11,,2007-12-22
OCG,TP04,トーナメントパック2007 Vol.4,토너먼트 팩 Vol.4,,2008-01-01
TCG,CP05,,,CHAMPION PACK GAME FIVE,2008-01-08
OCG,DPC1,Duelist Pack Collection,,,2008-01-12
TCG,HL06,,,HOBBY LEAGUE 6,2008-01-21
OCG,DP4,,듀얼리스트 팩 - 헬카이저 편 - 스페셜 에디션 특전 카드,,2008-02-02
OCG,DP5,,듀얼리스트 팩 - 에드 편 - 스페셜 에디션 특전 카드,,2008-02-02
OCG,LODT,ライト・オブ・デストラクション [ LIGHT OF DESTRUCTION ],파괴의 빛,LIGHT OF DESTRUCTION SPECIAL EDITION,2008-02-23
TCG,DPCT,,,DUELIST PACK COLLECTION TIN 2008,2008-03-11
OCG,DT01,デュエルターミナル 「シンクロ覚醒!!」,,DUEL TERMINAL 1,2008-03-12
OCG,YSD3,STARTER DECK 2008,스타터 덱 2008,,2008-03-15
OCG,MG02,Yu-Gi-Oh! Official Card Game Duelmonsters MASTER GUIDE 2 同梱カード,,,2008-03-28
OCG,TP05,トーナメントパック2008 Vol.1,토너먼트 팩 Vol.5,,2008-04-01
TCG,GLD1,,,GOLD SERIES,2008-04-02
TCG,SDDE,,,THE DARK EMPEROR STRUCTURE DECK,2008-04-02
OCG,YR05,遊戯王R 第5巻 付録カード,,Yu-Gi-Oh! R volume 5 Promotional Card,2008-04-04
OCG,TDGS,ザ・デュエリスト・ジェネシス [ THE DUELIST GENESIS ],듀얼리스트의 태동,THE DUELIST GENESIS,2008-04-19
OCG,YG03,遊戯王GX 第3巻 付録カード,,Yu-Gi-Oh! GX volume 3 Promotional Card,2008-05-02
TCG,CP06,,,CHAMPION PACK GAME SIX,2008-05-12
OCG,SD15,ストラクチャーデッキ - アンデットワールド -,스트럭처 덱 - 언데드 월드 - 패밀리 에디션,,2008-06-21
OCG,DT02,デュエルターミナル 「ワームの侵攻!!」,,DUEL TERMINAL 2,2008-06-24
OCG,TP06,トーナメントパック2008 Vol.2,토너먼트 팩 Vol.6,,2008-07-01
TCG,HL07,,,HOBBY LEAGUE 7,2008-07-01
OCG,HGP3,,하이 그레이드 팩 Vol.3,,2008-07-05
TCG,RP01,,,RETRO PACK,2008-07-08
OCG,CSOC,クロスローズ・オブ・カオス [ CROSSROADS OF CHAOS ],혼돈의 교차,CROSSROADS OF CHAOS,2008-07-19
TCG,PP02,,프리미엄 팩 Vol.2,PREMIUM PACK 2,2008-07-31
OCG,LE12,LIMITED EDITION 12,,,2008-08-01
TCG,5DS1,,,5D's STARTER DECK 2008,2008-08-05
OCG,VB11,公式カードカタログ ザ・ヴァリュアブル・ブック 11 付録カード,,,2008-08-21
OCG,VJCF,Vジャンプカードフェスタ 2008 プロモーションカード,,,2008-08-21
OCG,LE13,LIMITED EDITION 13,,,2008-09-01
TCG,CP07,,,CHAMPION PACK GAME SEVEN,2008-09-01
OCG,HGP04,,하이 그레이드 팩 Vol.4,,2008-09-05
OCG,ESP1,,익스팬션 팩 Vol.1,,2008-09-10
OCG,EXP1,EXTRA PACK,엑스트라 팩,,2008-09-13
OCG,DT03,デュエルターミナル 「反撃のジャスティス!!」,,DUEL TERMINAL 3,2008-09-22
TCG,CT05,,,EXCLUSIVE TINS 2008,2008-09-23
OCG,TP07,トーナメントパック2008 Vol.3,토너먼트 팩 Vol.7,,2008-10-01
OCG,DP08,デュエリストパック - 遊星編 -,듀얼리스트 팩 - 유성 편 -,DUELIST PACK - YUSEI -,2008-10-18
OCG,ESP2,,익스팬션 팩 Vol.2,,2008-10-21
TCG,SDZW,,,ZOMBIE WORLD STRUCTURE DECK,2008-10-21
OCG,YG04,遊戯王GX 第4巻 付録カード,,Yu-Gi-Oh! GX volume 4 Promotional Card,2008-11-04
OCG,DB01,デュエリストボックス,,,2008-11-15
OCG,CRMS,クリムゾン・クライシス [ CRIMSON CRISIS ],심홍의 위기,CRIMSON CRISIS,2008-11-15
TCG,DLG1,,,DARK LEGENDS,2008-11-21
OCG,GX06,遊戯王デュエルモンスターズGX TAG FORCE 3 同梱カード,,Yu-Gi-Oh! GX TAG FORCE 3 Bundles,2008-11-27
OCG,DT04,デュエルターミナル 「魔轟神復活!!」,,DUEL TERMINAL 4,2008-12-04
OCG,ESP3,,익스팬션 팩 Vol.3,,2008-12-05
OCG,SD16,ストラクチャーデッキ - ロード・オブ・マジシャン -,스트럭처 덱 - 매지션의 패왕 -,,2008-12-13
OCG,WJMP,週刊少年ジャンプ 2009年 3号 付録カード,,,2008-12-15
OCG,JF09,ジャンプフェスタ 2009 プロモーションパック,,,2008-12-20
OCG,YAP1,ANNIVERSARY PACK,애니버셔리 팩,ANNIVERSARY PACK,2008-12-20
OCG,LE14,LIMITED EDITION 14,,,2008-12-21
OCG,EPK1,,익스프리미엄팩 키트 Vol.1,,2008-12-22
OCG,TP08,トーナメントパック2008 Vol.4,토너먼트 팩 Vol.8,,2009-01-01
TCG,CP08,,,CHAMPION PACK GAME EIGHT,2009-01-05
OCG,GS01,GOLD SERIES,골드 시리즈,,2009-01-17
OCG,CT09,COLLECTORS TIN 2009,,COLLECTIBLE TIN 2012 WAVE 1,2009-01-17
OCG,PP03,,프리미엄 팩 Vol.3,,2009-02-04
OCG,RGBT,レイジング・バトル [ RAGING BATTLE ],장렬한 전투,RAGING BATTLE,2009-02-14
OCG,YSD4,STARTER DECK 2009,스타터 덱 2009,,2009-03-14
OCG,WC09,遊戯王5D's STARDUST ACCELERATOR - WORLD CHAMPIONSHIP 2009 - 同梱カード,유희왕 월드챔피언십 2009 게임소프트 동봉 카드,Yu-Gi-Oh! 5D's STARDUST ACCELERATOR - WORLD CHAMPIONSHIP 2009 - Bundles,2009-03-26
OCG,WB01,遊戯王5D's Wheelie Breakers 同梱カード,,Yu-Gi-Oh! 5D's Wheelie Breakers Bundles,2009-03-26
TCG,SDSC,,,SPELLCASTER'S COMMAND STRUCTURE DECK,2009-03-31
OCG,TP09,トーナメントパック2009 Vol.1,토너먼트 팩 Vol.9,,2009-04-01
OCG,DT05,デュエルターミナル 「混沌の覇者!!」,,DUEL TERMINAL 5A,2009-04-14
OCG,ANPR,エンシェント・プロフェシー [ ANCIENT PROPHECY ],태고의 예언,ANCIENT PROPHECY,2009-04-18
TCG,GLD2,,,GOLD SERIES 2009,2009-04-21
OCG,YG05,遊戯王GX 第5巻 付録カード,,Yu-Gi-Oh! GX volume 5 Promotional Card,2009-05-01
OCG,LE15,LIMITED EDITION 15,,,2009-05-21
TCG,5DS2,,,5D's STARTER DECK 2009,2009-06-09
OCG,SD17,ストラクチャーデッキ - ウォリアーズ・ストライク -,스트럭처 덱 - 전사의 일격 -,,2009-06-20
TCG,DTP1,,,DUEL TERMINAL - PREVIEW WAVE 2,2009-06-20
OCG,LE16,LIMITED EDITION 16,,,2009-06-21
OCG,EPK2,,익스프리미엄팩 키트 Vol.2,,2009-06-26
OCG,EPK3,,익스프리미엄팩 키트 Vol.3,,2009-06-26
OCG,TP10,トーナメントパック2009 Vol.2,토너먼트 팩 Vol.10,,2009-07-01
OCG,DT06,デュエルターミナル 「疾風のドラグニティ!!」,,DUEL TERMINAL 6B,2009-07-01
TCG,DPYG,,,DUELIST PACK - YUGI -,2009-07-07
OCG,SOVR,スターダスト・オーバードライブ [ STARDUST OVERDRIVE ],광속의 스타더스트,STARDUST OVERDRIVE,2009-07-18
OCG,EV09,,2009년 대회 프로모션 카드: SUMMER FESTIVAL 2009,,2009-07-25
TCG,RP02,,,RETRO PACK 2,2009-07-28
TCG,DL09,,,DUELIST LEAGUE 2010,2009-08-01
TCG,DLDI,,,DUELIST LEAGUE DEMO 2010,2009-08-01
TCG,TU01,,,TURBO PACK BOOSTER ONE,2009-08-15
TCG,CT06,,,COLLECTIBLE TIN 2009 WAVE 1,2009-08-18
OCG,VB12,公式カードカタログ ザ・ヴァリュアブル・ブック 12 付録カード,,,2009-08-21
OCG,TF04,遊戯王5D's TAG FORCE 4 同梱カード,,Yu-Gi-Oh! 5D's TAG FORCE 4 Bundles,2009-09-17
OCG,EXP2,EXTRA PACK Volume 2,엑스트라 팩 Vol.2,,2009-09-19
OCG,DDY1,デュエルディスク遊星Ver.,,,2009-09-26
OCG,DP00,,듀얼리스트 팩 - 유희 편 -,,2009-09-29
OCG,TP11,トーナメントパック2009 Vol.3,토너먼트 팩 Vol.11,,2009-10-01
OCG,DT07,デュエルターミナル 「ジェネクスの進撃!!」,,DUEL TERMINAL 7A,2009-10-01
TCG,YR01,,,Yu-Gi-Oh! R volume 1 Promotional Card,2009-10-06
OCG,DP09,デュエリストパック - 遊星編2 -,듀얼리스트 팩 - 유성 편2 -,DUELIST PACK - YUSEI 2 -,2009-10-17
OCG,LE17,LIMITED EDITION 17,,,2009-10-21
TCG,SDWS,,,WARRIORS' STRIKE STRUCTURE DECK,2009-10-27
OCG,YG06,遊戯王GX 第6巻 付録カード,,Yu-Gi-Oh! GX volume 6 Promotional Card,2009-11-04
TCG,HA01,,숨겨진 세력,HIDDEN ARSENAL,2009-11-10
OCG,ABPF,アブソリュート・パワーフォース [ ABSOLUTE POWERFORCE ],절대적인 힘,ABSOLUTE POWERFORCE,2009-11-14
OCG,DDY2,デュエルディスク遊星Ver.DX,,,2009-11-21
OCG,SD18,ストラクチャーデッキ - マシンナーズ・コマンド -,스트럭처 덱 - 머시너즈의 지령 -,,2009-12-12
OCG,DSK3,,듀얼부스터 스페셜 세트 특전 카드,,2009-12-15
OCG,JF10,ジャンプフェスタ 2010 プロモーションパック,,,2009-12-19
OCG,PP12,PREMIUM PACK 12,프리미엄 팩 Vol.12,,2009-12-19
OCG,TP12,トーナメントパック2009 Vol.4,토너먼트 팩 Vol.12,,2010-01-01
TCG,TWED,,,TWILIGHT EDITION - LIGHT & DARK -,2010-01-05
TCG,TU02,,,TURBO PACK BOOSTER TWO,2010-01-09
OCG,DT08,デュエルターミナル 「トリシューラの鼓動!!」,,,2010-01-21
OCG,GS02,GOLD SERIES 2010,골드 시리즈 2010,,2010-01-23
OCG,MFC1,モンスターフィギュアコレクション,,,2010-01-23
OCG,MOV2,劇場版遊戯王 ~超融合!時空を超えた絆~ 劇場来場者配布カード,유희왕 극장판 시공을 초월한 우정 선착순 한정 특전 카드,Yu-Gi-Oh! 3D BONDS BEYOND TIME Promotional Card,2010-01-23
OCG,PP04,,프리미엄 팩 Vol.4,,2010-02-01
OCG,WC10,遊戯王5D's WORLD CHAMPIONSHIP 2010 - Reverse of Arcadia - 同梱カード,유희왕 월드챔피언십 2010 게임소프트 동봉 카드,Yu-Gi-Oh! 5D's WORLD CHAMPIONSHIP 2010 - Reverse of Arcadia - Bundles,2010-02-18
OCG,TSHD,ザ・シャイニング・ダークネス [ THE SHINING DARKNESS ],빛나는 어둠,THE SHINING DARKNESS,2010-02-20
TCG,SDMM,,,MACHINA MAYHEM STRUCTURE DECK,2010-02-23
OCG,YSD5,STARTER DECK 2010,스타터 덱 2010,,2010-03-20
OCG,TP13,トーナメントパック2010 Vol.1,토너먼트 팩 Vol.13,,2010-04-01
OCG,DREV,デュエリスト・レボリューション [ DUELIST REVOLUTION ],듀얼리스트의 혁명,DUELIST REVOLUTION,2010-04-17
TCG,DPKB,,,DUELIST PACK - KAIBA -,2010-04-20
OCG,DT09,デュエルターミナル 「ヴァイロン降臨!!」,,,2010-04-27
OCG,YF01,遊戯王5D's 第1巻 付録カード,,Yu-Gi-Oh! 5D's volume 1 Promotional Card,2010-04-30
OCG,YG07,遊戯王GX 第7巻 付録カード,,Yu-Gi-Oh! GX volume 7 Promotional Card,2010-04-30
TCG,YCSW,,,Yu-Gi-Oh! CHAMPIONSHIP SERIES 2010,2010-05-15
OCG,VE01,V JUMP EDITION,,,2010-05-21
OCG,MFC2,モンスターフィギュアコレクション Volume 2,,,2010-05-29
TCG,5DS3,,,5D's STARTER DECK DUELIST TOOLBOX,2010-06-01
OCG,SD19,ストラクチャーデッキ - ドラグニティ・ドライブ -,스트럭처 덱 - 드래그니티 드라이브 - 스페셜 에디션,,2010-06-19
OCG,VE02,V JUMP EDITION 2,,,2010-06-21
TCG,GLD3,,,GOLD SERIES 3,2010-06-23
OCG,TP14,トーナメントパック2010 Vol.2,토너먼트 팩 Vol.14,,2010-07-01
OCG,PP05,,프리미엄 팩 Vol.5,,2010-07-02
TCG,TU03,,,TURBO PACK BOOSTER THREE,2010-07-12
TCG,HA02,,숨겨진 세력 2,HIDDEN ARSENAL 2,2010-07-20
OCG,DT10,デュエルターミナル 「インヴェルズの侵略!!」,,,2010-08-03
TCG,WCPP,,,WORLD CHAMPIONSHIP 2010 CARD PACK,2010-08-14
OCG,2010,Yu-Gi-Oh! WORLD CHAMPIONSHIP 2010,,Yu-Gi-Oh! WORLD CHAMPIONSHIP 2010,2010-08-15
OCG,VB13,公式カードカタログ ザ・ヴァリュアブル・ブック 13 付録カード,,,2010-08-20
OCG,STBL,STARSTRIKE BLAST 2パックセット 特典カード,폭풍의 스타스트라이크,STARSTRIKE BLAST,2010-08-26
TCG,CT07,,,COLLECTIBLE TIN 2010 WAVE 1,2010-08-31
OCG,EV10,,JUMP FESTA INVITATIONAL 2010 프로모션 카드,,2010-09-12
OCG,TF05,遊戯王5D's TAG FORCE 5 同梱カード,,Yu-Gi-Oh! 5D's TAG FORCE 5 Bundles,2010-09-16
OCG,EXP3,EXTRA PACK Volume 3,엑스트라 팩 Vol.3,,2010-09-18
OCG,MFC3,モンスターフィギュアコレクション Volume 3,,,2010-09-25
OCG,TP15,トーナメントパック2010 Vol.3,토너먼트 팩 Vol.15,,2010-10-01
OCG,YG08,遊戯王GX 第8巻 付録カード,,Yu-Gi-Oh! GX volume 8 Promotional Card,2010-10-04
OCG,DP11,デュエリストパック - クロウ編 -,듀얼리스트 팩 - 크로우 편 -,DUELIST PACK - CROW -,2010-10-16
OCG,DP10,デュエリストパック - 遊星編3 -,듀얼리스트 팩 - 유성 편3 -,DUELIST PACK - YUSEI 3 -,2010-10-16
TCG,SDMA,,,STRUCTURE DECK - MARIK -,2010-10-19
OCG,VE03,V JUMP EDITION 3,,,2010-10-21
OCG,VE04,V JUMP EDITION 4,,,2010-10-21
OCG,PR01,プロモーションパック 2010,프로모션 팩 Vol.1,,2010-11-13
OCG,STOR,ストーム・オブ・ラグナロク [ STORM OF RAGNAROK ],스톰 오브 라그나로크,STORM OF RAGNAROK,2010-11-13
TCG,TU04,,,TURBO PACK BOOSTER FOUR,2010-11-19
OCG,DDY3,デュエルディスク遊星Ver.DX 2010,듀얼디스크 유성 Ver.DX 2010 특전 카드,,2010-11-20
TCG,XSPU,,,X-SABER POWER-UP,2010-11-23
OCG,DT11,デュエルターミナル 「オメガの裁き!!」,,,2010-12-01
TCG,DL11,,,DUELIST LEAGUE 2,2010-12-01
TCG,HA03,,숨겨진 세력 3,HIDDEN ARSENAL 3,2010-12-07
OCG,SD20,ストラクチャーデッキ - ロスト・サンクチュアリ -,스트럭처 덱 - 잃어버린 성역 -,,2010-12-11
OCG,JF11,ジャンプフェスタ 2011 プロモーションパック,,,2010-12-18
OCG,PP13,PREMIUM PACK 13,프리미엄 팩 Vol.13,,2010-12-18
OCG,STSE,,스타더스트 스페셜 에디션 특전 카드,,2010-12-24
OCG,YF02,遊戯王5D's 第2巻 付録カード,,Yu-Gi-Oh! 5D's volume 2 Promotional Card,2010-12-29
OCG,TP16,トーナメントパック2010 Vol.4,토너먼트 팩 Vol.16,,2011-01-01
OCG,GS03,GOLD SERIES 2011,골드 시리즈 2011,,2011-01-15
OCG,PR02,プロモーションパック 2011,프로모션 팩 Vol.2,,2011-02-11
OCG,EXVC,エクストリーム・ビクトリー [ EXTREME VICTORY ],익스트림 빅토리,EXTREME VICTORY,2011-02-11
TCG,DEM1,,,DEMO DECK,2011-02-12
OCG,WC11,遊戯王5D's WORLD CHAMPIONSHIP 2011 - OVER THE NEXUS - 同梱カード,유희왕 월드챔피언십 2011 게임소프트 동봉 카드,Yu-Gi-Oh! 5D's WORLD CHAMPIONSHIP 2011 - OVER THE NEXUS - Bundles,2011-02-24
OCG,YMP1,遊戯王 ~超融合!時空を越えた絆~ MOVIE PACK,유희왕 극장판 시공을 초월한 우정 MOVIE PACK,Yu-Gi-Oh! 3D BONDS BEYOND TIME MOVIE PACK,2011-02-26
TCG,SDDL,,,DRAGUNITY LEGION STRUCTURE DECK,2011-03-08
OCG,YSD6,STARTER DECK 2011,스타터 덱 2011,,2011-03-19
OCG,MG03,Yu-Gi-Oh! Official Card Game Duelmonsters MASTER GUIDE 3 同梱カード,,,2011-03-25
OCG,TP17,トーナメントパック2011 Vol.1,,,2011-04-01
TCG,DPC5,,,DUELIST PACK COLLECTION TIN 2011,2011-04-05
TCG,TU05,,,TURBO PACK BOOSTER FIVE,2011-04-09
OCG,GENF,ジェネレーション・フォース [ GENERATION FORCE ],제너레이션 포스,GENERATION FORCE,2011-04-16
TCG,HA04,,숨겨진 세력 4,HIDDEN ARSENAL 4 TRISHULA'S TRIUMPH,2011-04-19
OCG,YDT1,遊戯王5D's DuelTranser 同梱カード,,Yu-Gi-Oh! 5D's DuelTranser Bundles,2011-04-21
OCG,DT12,デュエルターミナル 「エクシーズ始動!!」,,,2011-04-26
TCG,WQ11,,,Yu-Gi-Oh! WORLD CHAMPIONSHIP 2011 Qualifier,2011-05-01
OCG,BE01,BEGINNER'S EDITION 1 [ 2011 ],,,2011-05-14
OCG,VE05,V JUMP EDITION 5,,,2011-05-21
TCG,DL12,,,DUELIST LEAGUE 3,2011-06-01
OCG,YG09,遊戯王GX 第9巻 付録カード,,Yu-Gi-Oh! GX volume 9 Promotional Card,2011-06-03
OCG,YZ01,遊戯王ZEXAL 第1巻 付録カード,제알 코믹스 동봉 카드 1권,Yu-Gi-Oh! ZEXAL volume 1 Promotional Card,2011-06-03
TCG,SDLS,,,LOST SANCTUARY STRUCTURE DECK,2011-06-14
OCG,PP06,,프리미엄 팩 Vol.6,,2011-06-17
OCG,SD21,ストラクチャーデッキ - デビルズ・ゲート -,스트럭처 덱 - 데블즈 게이트 -,,2011-06-18
OCG,TP18,トーナメントパック2011 Vol.2,,,2011-07-01
TCG,GLD4,,,GOLD SERIES 4 PYRAMIDS EDITION,2011-07-01
TCG,YS11,,,STARTER DECK DAWN OF THE XYZ,2011-07-12
OCG,PHSW,フォトン・ショックウェーブ [ PHOTON SHOCKWAVE ],빛의 충격파,PHOTON SHOCKWAVE,2011-07-16
TCG,HASE,,,HIDDEN ARSENAL SPECIAL EDITION,2011-07-26
TCG,TU06,,,TURBO PACK BOOSTER SIX,2011-08-04
OCG,BE02,BEGINNER'S EDITION 2 [ 2011 ],,,2011-08-13
OCG,2011,Yu-Gi-Oh! WORLD CHAMPIONSHIP 2011,,Yu-Gi-Oh! WORLD CHAMPIONSHIP 2011,2011-08-14
OCG,VB14,公式カードカタログ ザ・ヴァリュアブル・ブック 14 付録カード,유희왕 제알 오피셜 카드게임 공식 카드 가이드북,,2011-08-19
OCG,VF11,Vジャンプフェスタ 2011 プロモーションカード,,,2011-08-20
OCG,PME1,,듀얼리스트 플레이매트 에디션,,2011-08-25
TCG,CT08,,,COLLECTIBLE TIN 2011 WAVE 1,2011-08-30
OCG,HA,,숨겨진 세력 스페셜 에디션 특전 카드,,2011-09-01
OCG,YF03,遊戯王5D's 第3巻 付録カード,,Yu-Gi-Oh! 5D's volume 3 Promotional Card,2011-09-03
OCG,EXP4,EXTRA PACK Volume 4,엑스트라 팩 Vol.4,,2011-09-17
OCG,TF06,遊戯王5D's TAG FORCE 6 同梱カード,,,2011-09-22
OCG,EV11,,JUMP FESTA INVITATIONAL 2011 프로모션 카드,,2011-09-25
OCG,TP19,トーナメントパック2011 Vol.3,,,2011-10-01
OCG,DT13,デュエルターミナル 「星の騎士団セイクリッド!!」,,,2011-10-04
TCG,LC02,,,LEGENDARY COLLECTION 2 THE DUEL ACADEMY YEARS,2011-10-04
TCG,LCGX,,,LEGENDARY COLLECTION 2 THE DUEL ACADEMY YEARS MEGA PACK,2011-10-04
OCG,DP12,デュエリストパック - 遊馬編 -,듀얼리스트 팩 - 유마 편 -,,2011-10-15
TCG,SDGU,,,GATES OF THE UNDERWORLD STRUCTURE DECK,2011-10-18
OCG,VE06,V JUMP EDITION 6,,,2011-10-21
OCG,DB12,デュエリストボックス2012,,,2011-11-26
TCG,DL13,,,DUELIST LEAGUE 13,2011-12-01
TCG,HA05,,숨겨진 세력 5,HIDDEN ARSENAL 5 STEELSWARM INVASION,2011-12-06
TCG,SAAS,,,SAMURAI ASSAULT,2011-12-06
OCG,SD22,ストラクチャーデッキ - ドラゴニック・レギオン -,스트럭처 덱 - 드래고닉 군단 -,,2011-12-10
OCG,YGOPR,「光の創造神 ホルアクティ」 プレゼントキャンペーン,,,2011-12-10
OCG,PP14,PREMIUM PACK 14,프리미엄 팩 Vol.14 2nd WAVE,,2011-12-17
OCG,ORCS,ORDER OF CHAOS 2パックセット 特典カード,오더 오브 카오스,ORDER OF CHAOS SPECIAL EDITION,2011-12-24
OCG,TP20,トーナメントパック2011 Vol.4,,,2012-01-01
TCG,TU07,,,TURBO PACK BOOSTER SEVEN,2012-01-01
OCG,GS04,GOLD SERIES 2012,골드 시리즈 2012,,2012-01-07
OCG,DT14,デュエルターミナル 「破滅の邪龍 ウロボロス!!」,,,2012-01-24
OCG,XS12,,X-세이버 - 스페셜 에디션 -,,2012-01-27
OCG,YZ02,遊戯王ZEXAL 第2巻 付録カード,제알 코믹스 동봉 카드 2권,Yu-Gi-Oh! Zexal volume 2 Promotional Card,2012-02-03
TCG,SDDC,,,DRAGONS COLLIDE STRUCTURE DECK,2012-02-07
OCG,GAOV,ギャラクティック・オーバーロード [ GALACTIC OVERLORD ],갤럭틱 오버로드,GALACTIC OVERLORD,2012-02-18
TCG,RYMP,,,RA YELLOW MEGA PACK,2012-02-21
OCG,JF12,プロモーションパック 2012 B,,,2012-03-01
OCG,ST12,STARTER DECK 2012,스타터 덱 2012 스페셜 에디션,,2012-03-17
TCG,PRC1,,,PREMIUM COLLECTION TIN,2012-03-20
TCG,H5SE,,,HIDDEN ARSENAL 5 STEELSWARM INVASION SPECIAL EDITION,2012-03-30
OCG,TP21,トーナメントパック2012 Vol.1,,,2012-04-01
OCG,ESP4,,익스팬션 팩 Vol.4,,2012-04-10
OCG,REDU,リターン・オブ・ザ・デュエリスト [ RETURN OF THE DUELIST ],리턴 오브 더 듀얼리스트,RETURN OF THE DUELIST SPECIAL EDITION,2012-04-14
TCG,YS12,,,STARTER DECK XYZ SYMPHONY,2012-04-17
OCG,OG01,Vジャンプブックス 遊戯王ZEXAL オフィシャルカードゲーム ナンバーズガイド 付録カード,넘버즈 가이드,,2012-04-23
OCG,DE01,DUELIST EDITION Volume 1,,,2012-05-12
OCG,DE02,DUELIST EDITION Volume 2,,,2012-05-12
OCG,VE07,V JUMP EDITION 7,,,2012-05-21
TCG,BP01,,,BATTLE PACK EPIC DAWN,2012-05-28
TCG,BATT,,,BATTLE PACK TOURNAMENT,2012-05-29
OCG,DTC1,デュエルターミナル クロニクルI 「覚醒の章」,,,2012-06-01
TCG,DL14,,,DUELIST LEAGUE 14,2012-06-01
TCG,TU08,,,TURBO PACK BOOSTER EIGHT,2012-06-01
OCG,YF04,遊戯王5D's 第4巻 付録カード,,Yu-Gi-Oh! 5D's volume 4 Promotional Card,2012-06-04
TCG,GLD5,,,GOLD SERIES HAUNTED MINE,2012-06-12
OCG,SD23,ストラクチャーデッキ - 海皇の咆哮 -,스트럭처 덱 - 해황의 포효 -,,2012-06-16
TCG,SDWA,,,SAMURAI WARLORDS STRUCTURE DECK,2012-06-26
OCG,TP22,トーナメントパック2012 Vol.2,,,2012-07-01
OCG,EV12,,2012년 하반기 대회용 프로모션 카드: SUMMER FESTIVAL 2012,,2012-07-07
OCG,EXPP,,익스프리미엄 팩 스페셜 에디션,,2012-07-12
OCG,VF12,最強Vジャンプフェスタ 2012 プロモーションカード,,,2012-07-21
OCG,ABYR,アビス・ライジング [ ABYSS RISING ],어비스 라이징,ABYSS RISING,2012-07-21
TCG,HA06,,숨겨진 세력 6,HIDDEN ARSENAL 6 OMEGA XYZ,2012-07-24
OCG,YZ03,遊戯王ZEXAL 第3巻 付録カード,제알 코믹스 동봉 카드 3권,Yu-Gi-Oh! Zexal volume 3 Promotional Card,2012-08-03
OCG,DE03,DUELIST EDITION Volume 3,,,2012-08-11
OCG,DE04,DUELIST EDITION Volume 4,,,2012-08-11
OCG,2012,Yu-Gi-Oh! WORLD CHAMPIONSHIP 2012,,WORLD CHAMPIONSHIP 2012 Prize and Participation Cards,2012-08-11
OCG,PP07,,프리미엄 팩 Vol.7,,2012-08-20
OCG,VB15,公式カードカタログ ザ・ヴァリュアブル・ブック 15 付録カード,,,2012-08-21
OCG,GDB1,THE GOLD BOX,,,2012-08-25
OCG,DTC2,デュエルターミナル クロニクルII 「混沌の章」,,,2012-08-28
OCG,DP13,デュエリストパック - カイト編 -,듀얼리스트 팩 - 카이트 편 -,,2012-09-15
OCG,TP23,トーナメントパック2012 Vol.3,,,2012-10-01
TCG,LC03,,,LEGENDARY COLLECTION 3 YUGI'S WORLD,2012-10-02
TCG,LCYW,,,LEGENDARY COLLECTION 3 YUGI'S WORLD MEGA PACK,2012-10-02
OCG,EP12,EXTRA PACK 2012,,,2012-10-13
TCG,SDRE,,,REALM OF THE SEA EMPEROR STRUCTURE DECK,2012-10-16
OCG,VE08,V JUMP EDITION 8,,,2012-10-21
OCG,LB01,,레전더리 바인더 특전 카드,,2012-10-26
OCG,DTC3,デュエルターミナル クロニクルIII 「破滅の章」,,,2012-11-06
OCG,CBLZ,コスモ・ブレイザー [ COSMO BLAZER ],우주의 섬광,COSMO BLAZER,2012-11-17
OCG,DS13,デュエリストセットDX ダブルユニオン,듀얼리스트 세트 Ver.다크리터너,,2012-11-23
TCG,AP01,,,ASTRAL PACK ONE,2012-11-30
OCG,SD24,ストラクチャーデッキ - 炎王の急襲 -,스트럭처 덱 - 염왕의 급습 -,,2012-12-08
TCG,DL15,,,DUELIST LEAGUE 15,2012-12-15
OCG,JF13,ジャンプフェスタ 2013 22日配布 プロモーションパック,,,2012-12-22
OCG,PP15,PREMIUM PACK 15,프리미엄 팩 Vol.15,,2012-12-22
OCG,AT01,アドバンスド・トーナメントパック2013 Vol.1,,,2013-01-01
OCG,YF05,遊戯王5D's 第5巻 付録カード,,Yu-Gi-Oh! 5D's volume 5 Promotional Card,2013-01-04
OCG,EV13,,2013년 하반기 대회용 프로모션 카드,,2013-01-05
OCG,GS05,GOLD SERIES 2013,골드 시리즈 2013,,2013-01-12
OCG,EXP5,,엑스트라 팩 2012,,2013-01-18
OCG,YZ04,遊戯王ZEXAL 第4巻 付録カード,제알 코믹스 동봉 카드 4권,Yu-Gi-Oh! Zexal volume 4 Promotional Card,2013-02-04
TCG,SDOK,,,ONSLAUGHT OF THE FIRE KINGS STRUCTURE DECK,2013-02-08
OCG,PR03,スペシャルカード A 2013,프로모션 팩 Vol.3,,2013-02-15
OCG,LTGY,ロード・オブ・ザ・タキオンギャラクシー [ LORD OF THE TACHYON GALAXY ],로드 오브 더 타키온 갤럭시,LORD OF THE TACHYON GALAXY,2013-02-16
OCG,DTC4,デュエルターミナル クロニクルIV 「対極の章」,,,2013-02-26
TCG,SP13,,,STAR PACK 2013,2013-03-01
TCG,ZTIN,,,ZEXAL COLLECTION TIN,2013-03-08
OCG,ST13,STARTER DECK 2013,스타터 덱 2013,,2013-03-16
OCG,AT02,アドバンスド・トーナメントパック2013 Vol.2,,,2013-04-01
OCG,OG02,Vジャンプブックス 遊戯王ZEXAL オフィシャルカードゲーム ナンバーズガイド2 付録カード,,,2013-04-04
TCG,AP02,,,ASTRAL PACK TWO,2013-04-19
OCG,JOTL,ジャッジメント・オブ・ザ・ライト [ JUDGMENT OF THE LIGHT ],저지먼트 오브 더 라이트,JUDGMENT OF THE LIGHT,2013-04-20
TCG,HA07,,숨겨진 세력 7,HIDDEN ARSENAL 7 KNIGHT OF STARS,2013-04-26
OCG,EP13,EXTRA PACK - SWORD OF KNIGHTS -,,,2013-05-18
OCG,VJMP,Vジャンプ 2013年 7月号 付録カード,,,2013-05-21
OCG,AE01,,어드밴스드 이벤트 팩 Vol.1,,2013-06-01
TCG,YS13,,,SUPER STARTER V FOR VICTORY,2013-06-14
OCG,SD25,ストラクチャーデッキ - 青眼龍轟臨 -,스트럭처 덱 - 푸른 눈의 백룡의 강림 -,,2013-06-15
OCG,VE09,V JUMP EDITION 9,,,2013-06-21
OCG,PP08,,프리미엄 팩 Vol.8,,2013-06-25
TCG,BP02,,,BATTLE PACK 2 WAR OF THE GIANTS,2013-06-28
OCG,AT03,アドバンスド・トーナメントパック2013 Vol.3,,,2013-07-01
TCG,DL16,,,DUELIST LEAGUE 16,2013-07-01
TCG,NUMH,,,NUMBER HUNTERS,2013-07-12
OCG,HD13,ハーフデッキ 闇,,,2013-07-20
OCG,VF13,最強Vジャンプフェスタ 2013 プロモーションカード,,,2013-07-20
OCG,SHSP,シャドウ・スペクターズ [ SHADOW SPECTERS ],섀도우 스펙터즈,SHADOW SPECTERS SPECIAL EDITION,2013-07-20
OCG,YF06,遊戯王5D's 第6巻 付録カード,,Yu-Gi-Oh! 5D's volume 6 Promotional Card,2013-08-02
OCG,YZ05,遊戯王ZEXAL 第5巻 付録カード,제알 코믹스 동봉 카드 5권,Yu-Gi-Oh! Zexal volume 5 Promotional Card,2013-08-02
OCG,CPZ1,コレクターズパック ZEXAL編,컬렉터즈 팩 제알 편,,2013-08-10
OCG,2013,Yu-Gi-Oh! WORLD CHAMPIONSHIP 2013,,Yu-Gi-Oh! WORLD CHAMPIONSHIP 2013,2013-08-11
OCG,VB16,公式カードカタログ ザ・ヴァリュアブル・ブック 16 付録カード,,,2013-08-21
TCG,CT10,,,COLLECTIBLE TIN 2013 WAVE 1,2013-08-30
TCG,AP03,,,ASTRAL PACK THREE,2013-09-13
TCG,SDBE,,,SAGA OF BLUE-EYES WHITE DRAGON STRUCTURE DECK,2013-09-13
OCG,DP14,デュエリストパック - 遊馬編 2 ゴゴゴ&ドドド -,듀얼리스트 팩 - 유마 편2 고고고&도도도 -,,2013-09-21
OCG,AE02,,어드밴스드 이벤트 팩 Vol.2,,2013-10-01
OCG,EXP6,,엑스트라 팩 - 스워드 오브 나이트 -,,2013-10-01
TCG,LC04,,,LEGENDARY COLLECTION 4 JOEY'S WORLD,2013-10-11
TCG,LCJW,,,LEGENDARY COLLECTION 4 JOEY'S WORLD MEGA PACK,2013-10-11
OCG,PC01,,프레셔스 팩 Vol.1,,2013-10-15
OCG,DP15,デュエリストパック - 神代兄妹編 -,듀얼리스트 팩 - 료・리오 남매 편 -,,2013-10-19
OCG,VE10,V JUMP EDITION 10,,,2013-10-21
OCG,AT04,アドバンスド・トーナメントパック2013 Vol.4,,,2013-11-01
OCG,LVAL,レガシー・オブ・ザ・ヴァリアント [ LEGACY OF THE VALIANT ],레거시 오브 더 밸리언트,LEGACY OF THE VALIANT,2013-11-16
OCG,DS14,デュエリストセット Ver.マシンギア・トルーパーズ,듀얼리스트 세트 「Ver.머신기아 트루퍼즈」,,2013-11-23
OCG,ZDC1,遊戯王ZEXAL 激突!デュエルカーニバル! 同梱カード,,Yu-Gi-Oh! ZEXAL World Duel Carnival Bundles (UK),2013-12-05
TCG,YSKR,,,STARTER DECK KAIBA RELOADED,2013-12-06
TCG,YSYR,,,STARTER DECK YUGI RELOADED,2013-12-06
OCG,SD26,ストラクチャーデッキ - 機光竜襲雷 -,스트럭처 덱 - 사이버 드래곤 레볼루션 -,,2013-12-07
TCG,DL17,,,DUELIST LEAGUE 17,2013-12-13
OCG,JF14,ジャンプフェスタ 2014 プロモーションパック,,,2013-12-21
OCG,PP16,PREMIUM PACK 16,프리미엄 팩 Vol.16,,2013-12-21
OCG,AE03,,어드밴스드 이벤트 팩 2014 Vol.1,,2014-01-01
OCG,AT05,アドバンスド・トーナメントパック2014 Vol.1,,,2014-01-01
OCG,GS06,GOLD SERIES 2014,골드 시리즈 2014,,2014-01-11
TCG,WGRT,,,BATTLE PACK 2 WAR OF THE GIANTS REINFORCEMENTS,2014-01-17
TCG,BPW2,,,BATTLE PACK 2 WAR OF THE GIANTS ROUND 2,2014-01-17
OCG,YZ06,遊戯王ZEXAL 第6巻 付録カード,제알 코믹스 동봉 카드 6권,Yu-Gi-Oh! Zexal volume 6 Promotional Card,2014-02-04
TCG,AP04,,,ASTRAL PACK FOUR,2014-02-07
TCG,SDCR,,,CYBER DRAGON REVOLUTION STRUCTURE DECK,2014-02-07
OCG,PR04,プロモーションパック2014 -A,프로모션 팩 Vol.4,,2014-02-15
OCG,PR05,プロモーションパック2014 -B,,,2014-02-15
OCG,PRIO,プライマル・オリジン [ PRIMAL ORIGIN ],프라이멀 오리진,PRIMAL ORIGIN,2014-02-15
TCG,SP14,,,STAR PACK 2014,2014-02-21
OCG,YF07,遊戯王5D's 第7巻 付録カード,,Yu-Gi-Oh! 5D's volume 7 Promotional Card,2014-03-04
OCG,15AY,15周年記念商品 決闘王の記憶 - 決闘者の王国編 -,결투왕의 기억 - 듀얼리스트 킹덤 편 - 스페셜 세트,,2014-03-08
OCG,PC02,,프레셔스 팩 Vol.2,,2014-03-18
OCG,MG04,Yu-Gi-Oh! Official Card Game Duelmonsters MASTER GUIDE 4 同梱カード,,,2014-03-20
OCG,ST14,STARTER DECK 2014,스타터 덱 2014,,2014-03-21
TCG,PGLD,,,PREMIUM GOLD,2014-03-28
TCG,JUMP,,,SHONEN JUMP membership Promotional Card - March 2014 -,2014-03-31
OCG,AE04,,어드밴스드 이벤트 팩 2014 Vol.2,,2014-04-01
OCG,RB01,Vジャンプブックス 遊戯王 オフィシャルカードゲーム パーフェクトルールブック 付録カード,,,2014-04-04
TCG,FFSE,,,FIRE FISTS SPECIAL EDITION,2014-04-04
OCG,AT06,アドバンスド・トーナメントパック2014 Vol.2,,,2014-04-19
OCG,DC01,デッキカスタムパック 01,,,2014-04-19
OCG,DUEA,ザ・デュエリスト・アドベント [ THE DUELIST ADVENT ],더 듀얼리스트 어드벤트,DUELIST ALLIANCE,2014-04-19
TCG,DRLG,,,DRAGONS OF LEGEND,2014-04-25
OCG,PRTX,テレビ東京フェスティバル プロモーションカード,,,2014-04-28
OCG,OG03,Vジャンプブックス 遊戯王ZEXAL オフィシャルカードゲーム ナンバーズガイド3 付録カード,,,2014-05-02
OCG,CPL1,コレクターズパック 伝説の決闘者編,컬렉터즈 팩 전설의 듀얼리스트 편,,2014-05-17
OCG,VE11,V JUMP EDITION ペンデュラムVパック,,,2014-05-21
OCG,PP09,,프리미엄 팩 Vol.9,,2014-06-10
OCG,DPEX,デュエリストカードプロテクター EX [ Master of HERO ] 特典カード,,,2014-06-21
OCG,SD27,ストラクチャーデッキ - HERO’s STRIKE -,스트럭처 덱 - 히어로즈 스트라이크 -,,2014-06-21
TCG,DL18,,,DUELIST LEAGUE 18,2014-06-27
TCG,SDLI,,,REALM OF LIGHT STRUCTURE DECK,2014-06-27
OCG,AE05,,어드밴스드 이벤트 팩 2014 Vol.3,,2014-07-01
OCG,AT07,アドバンスド・トーナメントパック2014 Vol.3,,,2014-07-01
TCG,YS14,,,SUPER STARTER SPACE-TIME SHOWDOWN,2014-07-11
OCG,VF14,ジャンプビクトリーカーニバル 2014,,,2014-07-19
OCG,NECH,ネクスト・チャレンジャーズ [ NEXT CHALLENGERS ],넥스트 챌린저스,THE NEW CHALLENGERS,2014-07-19
TCG,AP05,,,ASTRAL PACK FIVE,2014-07-25
TCG,BP03,,,BATTLE PACK 3 MONSTER LEAGUE,2014-08-01
OCG,YZ07,遊戯王ZEXAL 第7巻 付録カード,제알 코믹스 동봉 카드 7권,Yu-Gi-Oh! Zexal volume 7 Promotional Card,2014-08-04
OCG,SPRG,ブースターSP - レイジング・マスターズ -,부스터 SP 레이징 마스터즈,,2014-08-09
OCG,2014,Yu-Gi-Oh! WORLD CHAMPIONSHIP 2014,,Yu-Gi-Oh! WORLD CHAMPIONSHIP 2014,2014-08-10
OCG,VB17,公式カードカタログ ザ・ヴァリュアブル・ブック 17 付録カード,,,2014-08-21
TCG,CT11,,,2014 MEGA-TINS,2014-08-29
TCG,MP14,,,2014 MEGA-TINS MEGA PACK,2014-08-29
OCG,EP14,EXTRA PACK - KNIGHTS OF ORDER -,엑스트라 팩 - 나이츠 오브 오더 -,,2014-09-13
OCG,AE06,,어드밴스드 이벤트 팩 2014 Vol.4,,2014-10-01
OCG,AT08,アドバンスド・トーナメントパック2014 Vol.4,,,2014-10-01
OCG,YF08,遊戯王5D's 第8巻 付録カード,,Yu-Gi-Oh! 5D's volume 8 Promotional Card,2014-10-03
OCG,SPTR,ブースターSP - トライブ・フォース -,부스터 SP 트라이브 포스,,2014-10-11
TCG,SDGR,,,GEARGIA RAMPAGE STRUCTURE DECK,2014-10-17
TCG,LC05,,,LEGENDARY COLLECTION 5D's,2014-10-24
TCG,LC5D,,,LEGENDARY COLLECTION 5D's MEGA PACK,2014-10-24
OCG,SECE,ザ・シークレット・オブ・エボリューション [ THE SECRET OF EVOLUTION ],더 시크릿 오브 에볼루션,SECRETS OF ETERNITY,2014-11-15
OCG,VP14,スペシャルサモン・エボリューション,,,2014-11-21
TCG,NKRT,,,NOBLE KNIGHTS OF THE ROUND TABLE BOX SET,2014-11-21
TCG,AP06,,,ASTRAL PACK SIX,2014-12-05
OCG,SD28,ストラクチャーデッキ - シンクロン・エクストリーム -,스트럭처 덱 - 싱크론 익스트림 -,,2014-12-06
OCG,EONK,デュエルフィールドEX EPIC OF NOBLE KNIGHTS - 導きの聖剣 -,,,2014-12-20
OCG,JF15,ジャンプフェスタ 2015 プロモーションパック,,,2014-12-20
OCG,PP17,PREMIUM PACK 17,프리미엄 팩 Vol.17,,2014-12-20
OCG,TRC1,THE RARITY COLLECTION,더 레어리티 컬렉션,,2014-12-20
OCG,AT09,アドバンスド・トーナメントパック2015 Vol.1,,,2015-01-01
OCG,15AX,15周年記念商品 決闘者の栄光 - 記憶の断片 - side:闇遊戯,듀얼리스트의 영광 -기억의 단편- side: 어둠의 유희,,2015-01-10
OCG,TFSP,遊戯王ARC-V TAG FORCE SPECIAL レジェンドタッグガイド 同梱カード,,,2015-01-22
TCG,SDHS,,,HERO STRIKE STRUCTURE DECK,2015-01-30
OCG,SJMP,最強ジャンプ 2015年 3月号 付録カード,,,2015-02-06
TCG,THSF,,,THE SECRET FORCES,2015-02-13
OCG,CROS,クロスオーバー・ソウルズ [ CROSSOVER SOULS ],크로스오버 소울즈,CROSSED SOULS,2015-02-14
OCG,YZ08,遊戯王ZEXAL 第8巻 付録カード,제알 코믹스 동봉 카드 8권,Yu-Gi-Oh! Zexal volume 8 Promotional Card,2015-03-04
OCG,AE07,,어드밴스드 이벤트 팩 2015 Vol.1,,2015-03-10
TCG,PGL2,,,PREMIUM GOLD: RETURN OF THE BLING,2015-03-20
OCG,VS15,デュエリストエントリーデッキVS - セイバーフォース -,듀얼리스트 엔트리 덱 VS 세이버 포스,,2015-03-21
TCG,DEM2,,,DEMO DECK 2015,2015-03-30
OCG,EN01,エントリーパック,,,2015-04-15
TCG,WSUP,,,WORLD SUPERSTARS,2015-04-17
OCG,CORE,クラッシュ・オブ・リベリオン [ CLASH OF REBELLIONS ],클래쉬 오브 리벨리온,CLASH OF REBELLIONS,2015-04-25
OCG,LB02,,넘버즈 바인더,,2015-04-29
OCG,AT10,アドバンスド・トーナメントパック2015 Vol.2,,,2015-05-01
OCG,RB02,Vジャンプブックス 遊戯王オフィシャルカードゲーム パーフェクトルールブック2015 付録カード,,,2015-05-01
OCG,CPD1,コレクターズパック 運命の決闘者編,컬렉터즈 팩 운명의 듀얼리스트 편,,2015-05-16
OCG,VP15,20th レジェンダリー・コレクション,,,2015-05-21
TCG,YS15,,,STARTER DECK SABER FORCE (US),2015-05-29
OCG,YF09,遊戯王5D's 第9巻 付録カード,,Yu-Gi-Oh! 5D's volume 9 Promotional Card,2015-06-04
TCG,AP07,,,ASTRAL PACK SEVEN,2015-06-05
OCG,DP16,デュエリストパック - 決闘都市編 -,듀얼리스트 팩 - 배틀 시티 편 -,,2015-06-06
TCG,SP15,,,STAR PACK ARC-V,2015-06-12
TCG,DPBC,,,DUELIST PACK - BATTLE CITY -,2015-06-19
OCG,SD29,ストラクチャーデッキ - マスター・オブ・ペンデュラム -,스트럭처 덱 - 마스터 오브 펜듈럼 -,,2015-06-20
OCG,AT11,アドバンスド・トーナメントパック2015 Vol.3,,,2015-07-01
OCG,DCP2,,듀얼리스트 카드 플레이매트 - 결투왕의 기억 -,,2015-07-17
OCG,YCB2,遊戯王キャラクターズガイド 千年の書 同梱カード,,,2015-07-17
TCG,DRL2,,,DRAGONS OF LEGEND 2,2015-07-17
OCG,VF15,ジャンプビクトリーカーニバル 2015,,,2015-07-18
OCG,DOCS,ディメンション・オブ・カオス [ DIMENSION OF CHAOS ],디멘션 오브 카오스,DIMENSION OF CHAOS,2015-07-18
OCG,AE08,,어드밴스드 이벤트 팩 2015 Vol.2,,2015-08-01
OCG,VB18,公式カードカタログ ザ・ヴァリュアブル・ブック 18 付録カード,,,2015-08-12
OCG,2015,Yu-Gi-Oh! WORLD CHAMPIONSHIP 2015 来場者特典カード,,Yu-Gi-Oh! WORLD CHAMPIONSHIP 2015,2015-08-15
OCG,SPHR,ブースターSP - ハイスピード・ライダーズ -,부스터 SP 하이스피드 라이더스,,2015-08-22
TCG,SDSE,,,SYNCHRON EXTREME STRUCTURE DECK,2015-08-28
TCG,CT12,,,2015 MEGA-TINS,2015-09-18
TCG,MP15,,,2015 MEGA-TINS MEGA PACK,2015-09-18
OCG,EP15,EXTRA PACK 2015,엑스트라 팩 2015,,2015-09-19
OCG,SR01,ストラクチャーデッキR - 真帝王降臨 -,스트럭처 덱 R - 진제왕강림 -,EMPEROR OF DARKNESS STRUCTURE DECK,2015-09-19
OCG,AT12,アドバンスド・トーナメントパック2015 Vol.4,,,2015-10-01
TCG,HSRD,,,HIGH-SPEED RIDERS,2015-10-02
OCG,YZ09,遊戯王ZEXAL 第9巻 付録カード,제알 코믹스 동봉 카드 9권,Yu-Gi-Oh! Zexal volume 9 Promotional Card,2015-10-03
OCG,BOSH,ブレイカーズ・オブ・シャドウ [ BREAKERS OF SHADOW ],브레이커즈 오브 섀도우,BREAKERS OF SHADOW SPECIAL EDITION,2015-10-17
TCG,AP08,,,ASTRAL PACK EIGHT,2015-10-23
TCG,YGLD,,,YUGI'S LEGENDARY DECKS,2015-11-13
OCG,SPWR,ブースターSP - ウィング・レイダーズ -,부스터 SP 윙 레이더스,,2015-11-14
OCG,MB01,ミレニアムボックス ゴールドエディション,밀레니엄 덱,,2015-11-28
TCG,SDMP,,,MASTER OF PENDULUM STRUCTURE DECK,2015-12-04
OCG,SD30,ストラクチャーデッキ - ペンデュラム・ドミネーション -,스트럭처 덱 - 펜듈럼 도미네이션 -,,2015-12-12
OCG,MP01,MILLENNIUM PACK,밀레니엄 팩,,2015-12-19
OCG,PP18,PREMIUM PACK 18,,,2015-12-19
OCG,AT13,アドバンスド・トーナメントパック2016 Vol.1,,,2016-01-01
OCG,SHVI,シャイニング・ビクトリーズ [ SHINING VICTORIES ],샤이닝 빅토리즈,SHINING VICTORIES SPECIAL EDITION,2016-01-09
TCG,DEM3,,,DEMO DECK 2016 (UK),2016-01-14
TCG,JMPS,,,SHONEN JUMP Scholastic Edition Promotional Card,2016-02-01
OCG,SR02,ストラクチャーデッキR - 巨神竜復活 -,스트럭처 덱 R - 거신룡부활 -,RISE OF THE TRUE DRAGONS STRUCTURE DECK,2016-02-06
OCG,DF16,プロモーションパック,,,2016-02-11
TCG,WIRA,,,WING RAIDERS,2016-02-12
OCG,GP16,GOLD PACK 2016,,,2016-02-20
OCG,MVPM,劇場版 遊戯王 THE DARK SIDE OF DIMENSIONS TOHOシネマイレージ特典カード,,,2016-03-05
TCG,OP01,,,OTS TOURNAMENT PACK 1,2016-03-18
TCG,PGL3,,,PREMIUM GOLD: INFINITE GOLD,2016-03-18
OCG,MVPY,劇場版 遊戯王 THE DARK SIDE OF DIMENSIONS 横浜市イベント配布カード,,,2016-03-19
OCG,ST16,STARTER DECK 2016,스타터 덱 2016,,2016-03-19
OCG,AT14,アドバンスド・トーナメントパック2016 Vol.2,,,2016-04-01
OCG,RB03,Vジャンプブックス 遊戯王オフィシャルカードゲーム パーフェクトルールブック2016 付録カード,,,2016-04-01
OCG,YA01,遊戯王ARC-V 第1巻 付録カード,,Yu-Gi-Oh! ARC-V volume 1 Promotional Card,2016-04-04
OCG,TDIL,ザ・ダーク・イリュージョン [ THE DARK ILLUSION ],더 다크 일루전,THE DARK ILLUSION SPECIAL EDITION (UK),2016-04-09
TCG,MIL1,,,MILLENNIUM PACK,2016-04-15
OCG,JMPR,DVD付分冊マンガ講座 ジャンプ流! Vol.8 付録カード,,,2016-04-21
OCG,MVPL,劇場版 遊戯王 THE DARK SIDE OF DIMENSIONS ローソン前売り券特典カード,,,2016-04-21
OCG,MVPI,劇場版 遊戯王 THE DARK SIDE OF DIMENSIONS CoCo壱番屋特典カード 第2弾,,,2016-04-23
OCG,MVP1,劇場版 遊戯王 THE DARK SIDE OF DIMENSIONS MOVIE PACK,유희왕 더 다크사이드 오브 디멘션즈 MOVIE PACK 쿼터 센추리 에디션,Yu-Gi-Oh! THE DARK SIDE OF DIMENSIONS MOVIE PACK SECRET EDITION,2016-04-23
OCG,CPF1,コレクターズパック 閃光の決闘者編,컬렉터즈 팩 섬광의 듀얼리스트 편,,2016-05-14
TCG,YS16,,,STARTER DECK YUYA,2016-05-27
OCG,DP17,デュエリストパック - 王の記憶編 -,듀얼리스트 팩 - 파라오의 기억 편 -,,2016-06-04
OCG,SDKS,ストラクチャーデッキ - 海馬瀬人 -,스트럭처 덱 - 카이바 -,STRUCTURE DECK : SETO KAIBA,2016-06-18
OCG,SDMY,ストラクチャーデッキ - 武藤遊戯 -,스트럭처 덱 - 유희 -,STRUCTURE DECK : YUGI MUTO,2016-06-18
OCG,AGMM,遊戯王デュエルモンスターズ アニメコンプリートガイド 千年の記憶 同梱カード,,,2016-06-24
OCG,AT15,アドバンスド・トーナメントパック2016 Vol.3,,,2016-07-01
OCG,INOV,インベイジョン・オブ・ヴェノム [ INVASION OF VENOM ],인베이전 오브 베놈,INVASION: VENGEANCE,2016-07-09
TCG,OP02,,,OTS TOURNAMENT PACK 2,2016-07-15
OCG,SCB1,ブルーアイズを手にいれろ!クリア特典キャンペーン!!,,,2016-07-16
OCG,VP16,20th ライバル・コレクション,,,2016-07-21
OCG,YS01,最強デュエリスト遊矢 第1巻 付録カード,,,2016-07-29
OCG,VF16,ジャンプビクトリーカーニバル2016 物販購入特典カード,,,2016-07-30
OCG,SPDS,ブースターSP - デステニー・ソルジャーズ -,부스터 SP 데스티니 솔저스,,2016-08-06
TCG,DRL3,,,DRAGONS OF LEGEND -UNLEASHED-,2016-08-19
OCG,2016,Yu-Gi-Oh! WORLD CHAMPIONSHIP 2016,,Yu-Gi-Oh! WORLD CHAMPIONSHIP 2016,2016-08-20
TCG,CT13,,,2016 MEGA-TINS,2016-09-02
TCG,MP16,,,2016 MEGA-TINS MEGA PACK,2016-09-02
OCG,EP16,EXTRA PACK 2016,엑스트라 팩 2016,,2016-09-10
TCG,DPRP,,,DUELIST PACK - RIVALS OF THE PHARAOH -,2016-09-16
OCG,SR03,ストラクチャーデッキR - 機械竜叛乱 -,스트럭처 덱 R - 기계룡반란 -,MACHINE REACTOR STRUCTURE DECK,2016-09-24
OCG,MVPC,劇場版 遊戯王 THE DARK SIDE OF DIMENSIONS 4D上映版入場者プレゼントカード,더 다크 사이드 오브 디멘션즈 극장 현장배포용 카드,Yu-Gi-Oh! THE DARK SIDE OF DIMENSIONS Theatrical Distribution,2016-09-24
OCG,AE09,,어드밴스드 이벤트 팩 2016 Vol.1,,2016-10-01
OCG,AT16,アドバンスド・トーナメントパック2016 Vol.4,,,2016-10-01
OCG,YA02,遊戯王ARC-V 第2巻 付録カード,,Yu-Gi-Oh! ARC-V volume 2 Promotional Card,2016-10-04
TCG,LDK2,,,LEGENDARY DECKS II,2016-10-07
OCG,RATE,レイジング・テンペスト [ RAGING TEMPEST ],레이징 템피스트,RAGING TEMPEST SPECIAL EDITION,2016-10-08
OCG,SPFE,ブースターSP - フュージョン・エンフォーサーズ -,부스터 SP 퓨전 엔포서즈,,2016-11-12
TCG,DESO,,,DESTINY SOLDIERS,2016-11-18
TCG,OP03,,,OTS TOURNAMENT PACK 3,2016-11-18
OCG,DBLE,ディメンションボックス -リミテッド・エディション-,디멘션 세트,,2016-11-26
OCG,20AP,20th ANNIVERSARY PACK 1st WAVE,크로니클 팩 1st WAVE,,2016-12-17
OCG,PP19,PREMIUM PACK 19,,,2016-12-17
OCG,SD31,ストラクチャーデッキ - ペンデュラム・エボリューション -,스트럭처 덱 - 펜듈럼 에볼루션 -,,2016-12-23
OCG,AT17,アドバンスド・トーナメントパック2017 Vol.1,,,2017-01-01
OCG,MACR,マキシマム・クライシス [ MAXIMUM CRISIS ],맥시멈 크라이시스,MAXIMUM CRISIS SPECIAL EDITION,2017-01-14
TCG,SDPD,,,PENDULUM DOMINATION STRUCTURE DECK,2017-01-20
OCG,VB19,公式カードカタログ ザ・ヴァリュアブル・ブック 19 付録カード,,,2017-02-24
TCG,FUEN,,,FUSION ENFORCERS,2017-02-24
OCG,SR04,ストラクチャーデッキR - 恐獣の鼓動 -,스트럭처 덱 R - 공수의 고동 -,DINOSMASHER’S FURY STRUCTURE DECK,2017-02-25
OCG,AE10,,어드밴스드 이벤트 팩 2017 Vol.1,,2017-03-01
TCG,SP17,,,STAR PACK BATTLE ROYAL,2017-03-10
OCG,RB04,Vジャンプブックス 遊戯王オフィシャルカードゲーム パーフェクトルールブック2017 付録カード,,,2017-03-24
OCG,ST17,STARTER DECK 2017,스타터 덱 2017,,2017-03-25
TCG,DUSA,,,DUELIST SAGA,2017-03-31
OCG,17TP,トーナメントパック 2017 Vol.2,,,2017-04-01
OCG,YA03,遊戯王ARC-V 第3巻 付録カード,,Yu-Gi-Oh! ARC-V Manga Vol.3,2017-04-04
TCG,OP04,,,OTS TOURNAMENT PACK 4,2017-04-07
OCG,COTD,コード・オブ・ザ・デュエリスト [ CODE OF THE DUELIST ],코드 오브 더 듀얼리스트,CODE OF THE DUELIST SPECIAL EDITION,2017-04-15
OCG,MG05,Yu-Gi-Oh! Official Card Game Duelmonsters MASTER GUIDE 5 同梱カード,,,2017-04-28
OCG,CP17,コレクターズパック 2017,컬렉터즈 팩 2017,,2017-05-13
TCG,DPDG,,,DUELIST PACK - DIMENSIONAL GUARDIANS -,2017-05-26
OCG,LG01,遊戯王デュエルリンクス レジェンドデッキガイド 闇遊戯VS海馬瀬人 同梱カード,,,2017-06-02
OCG,LG02,遊戯王デュエルリンクス レジェンドデッキガイド 闇遊戯VS海馬瀬人 同梱カード,,,2017-06-02
OCG,DP18,デュエリストパック - レジェンドデュエリスト編 -,듀얼리스트 팩 - 레전드듀얼리스트 편 -,,2017-06-03
OCG,SD32,ストラクチャーデッキ - サイバース・リンク -,스트럭처 덱 - 사이버스 링크 -,,2017-06-17
TCG,PEVO,,,PENDULUM EVOLUTION,2017-06-23
TCG,BLLR,,,BATTLES OF LEGEND -LIGHT'S REVENGE-,2017-07-07
OCG,CIBR,サーキット・ブレイク [ CIRCUIT BREAK ],서킷 브레이크,CIRCUIT BREAK SPECIAL EDITION,2017-07-08
OCG,VP17,LINK VRAINS EDITION,,,2017-07-21
TCG,YS17,,,STARTER DECK - LINK STRIKE -,2017-07-21
OCG,VF17,ジャンプビクトリーカーニバル 2017,,,2017-07-22
TCG,OP05,,,OTS TOURNAMENT PACK 5,2017-08-03
OCG,17SP,SPECIAL PACK,,,2017-08-05
OCG,DBSW,デッキビルドパック - スピリット・ウォリアーズ -,덱 빌드 팩 스피릿 워리어즈,,2017-08-11
OCG,2017,Yu-Gi-Oh! WORLD CHAMPIONSHIP 2017 来場記念カード,,Yu-Gi-Oh! WORLD CHAMPIONSHIP 2017,2017-08-13
TCG,CT14,,,2017 MEGA-TINS,2017-08-25
TCG,MP17,,,2017 MEGA-TINS MEGA PACK,2017-08-25
TCG,LEDU,,,LEGENDARY DUELISTS,2017-09-08
OCG,17CC,リンクモンスタープレゼント,,,2017-09-09
OCG,EP17,EXTRA PACK 2017,엑스트라 팩 2017,,2017-09-09
TCG,YUCB,,,YUGI'S COLLECTOR BOX,2017-09-15
OCG,SR05,ストラクチャーデッキR - 神光の波動 -,스트럭처 덱 R - 신광의 파동 -,STRUCTURE DECK WAVE OF LIGHT,2017-09-23
OCG,AE11,,어드밴스드 이벤트 팩 2017 Vol.2,,2017-10-01
OCG,YS02,最強デュエリスト遊矢 第2巻 付録カード,,,2017-10-04
OCG,YA04,遊戯王ARC-V 第4巻 付録カード,,Yu-Gi-Oh! ARC-V Manga Vol.4,2017-10-04
TCG,LEDD,,,LEGENDARY DRAGON DECKS,2017-10-06
OCG,17PR,プロモーションパック2017,,,2017-10-07
OCG,EXFO,エクストリーム・フォース [ EXTREME FORCE ],극한의 힘,EXTREME FORCE,2017-10-14
TCG,SDCL,,,STRUCTURE DECK : CYBERSE LINK,2017-11-03
OCG,DP19,デュエリストパック - レジェンドデュエリスト編2 -,듀얼리스트 팩 - 레전드듀얼리스트 편 2 -,,2017-11-11
TCG,KACB,,,KAIBA'S COLLECTOR BOX,2017-11-17
TCG,SPWA,,,SPIRIT WARRIORS,2017-11-17
OCG,LVP1,LINK VRAINS PACK,링크 브레인즈 팩,,2017-11-25
TCG,OP06,,,OTS TOURNAMENT PACK 6,2017-12-01
OCG,SD33,ストラクチャーデッキ - パワーコード・リンク -,스트럭처 덱 - 파워코드 링크 -,,2017-12-09
OCG,JF18,ジャンプフェスタ 2018 中学生以下おみやげ,,,2017-12-16
OCG,PP20,PREMIUM PACK 20,,,2017-12-16
OCG,LVB1,LINK VRAINS BOX,링크 브레인즈 박스,,2017-12-23
TCG,LART,,더 로스트 아트 프로모션 Vol.1,The Lost Art Promotion,2018-01-01
TCG,DEM4,,,Advanced Demo Deck Extra Pack,2018-01-06
OCG,FLOD,フレイムズ・オブ・デストラクション [ FLAMES OF DESTRUCTION ],플레임즈 오브 디스트럭션,FLAMES OF DESTRUCTION SPECIAL EDITION,2018-01-13
OCG,RC02,RARITY COLLECTION 20th Anniversary Edition,레어리티 컬렉션,,2018-02-10
OCG,VB20,公式カードカタログ ザ・ヴァリュアブル・ブック 20 付録カード,,,2018-02-23
TCG,LED2,,,LEGENDARY DUELISTS: ANCIENT MILLENNIUM,2018-02-23
OCG,DBDS,デッキビルドパック - ダーク・セイヴァーズ -,덱 빌드 팩 다크 세이비어즈,,2018-02-24
TCG,LC06,,,LEGENDARY COLLECTION KAIBA,2018-03-09
TCG,LCKC,,,LEGENDARY COLLECTION KAIBA MEGA PACK,2018-03-09
OCG,SR06,ストラクチャーデッキR - 闇黒の呪縛 -,스트럭처 덱 R - 암흑의 주박 -,STRUCTURE DECK : LAIR OF DARKNESS,2018-03-10
OCG,RB05,Vジャンプブックス 遊戯王オフィシャルカードゲーム パーフェクトルールブック2018 付録カード,,,2018-03-23
OCG,ST18,STARTER DECK 2018,스타터 덱 2018,,2018-03-24
TCG,SP18,,,STAR PACK: VRAINS,2018-03-30
OCG,YA05,遊戯王ARC-V 第5巻 付録カード,,Yu-Gi-Oh! ARC-V Manga Vol.5,2018-04-04
TCG,OP07,,,OTS TOURNAMENT PACK 7,2018-04-13
OCG,CYHO,サイバネティック・ホライゾン [ CYBERNETIC HORIZON ],사이버네틱 호라이즌,CYBERNETIC HORIZON SPECIAL EDITION,2018-04-14
OCG,AE12,,어드밴스드 이벤트 팩 2018 Vol.1,,2018-05-01
OCG,CP18,コレクターズパック 2018,컬렉터즈 팩 2018,,2018-05-12
OCG,VP18,20th ANNIVERSARY LEGENDARY DRAGONS,,,2018-05-21
TCG,DASA,,,DARK SAVIORS,2018-05-25
OCG,18PR,プロモーションパック2018,,,2018-05-27
OCG,18SP,SPECIAL PACK 20th ANNIVERSARY EDITION Vol.2,,,2018-06-09
OCG,DP20,デュエリストパック - レジェンドデュエリスト編3 -,듀얼리스트 팩 - 레전드듀얼리스트 편 3 -,,2018-06-09
OCG,SD34,ストラクチャーデッキ - マスター・リンク -,스트럭처 덱 - 마스터 링크 -,,2018-06-23
TCG,BLRR,,,BATTLES OF LEGEND: RELENTLESS REVENGE,2018-06-29
OCG,HD18,ハーフデッキ2018 闇,,,2018-06-30
OCG,18TP,トーナメントパック 2018 Vol.3,,,2018-07-01
TCG,YS18,,,STARTER DECK CODEBREAKER,2018-07-13
OCG,SOFU,ソウル・フュージョン [ SOUL FUSION ],소울 퓨전,SOUL FUSION,2018-07-14
OCG,VF18,ジャンプビクトリーカーニバル 2018,,,2018-07-16
OCG,DBHS,デッキビルドパック - ヒドゥン・サモナーズ -,덱 빌드 팩 히든 서머너즈,,2018-08-04
OCG,2018,Yu-Gi-Oh! WORLD CHAMPIONSHIP 2018 来場記念カード,,Yu-Gi-Oh! WORLD CHAMPIONSHIP 2018,2018-08-05
TCG,SDPL,,,STRUCTURE DECK: POWERCODE LINK,2018-08-10
TCG,OP08,,,OTS TOURNAMENT PACK 8,2018-08-17
TCG,SHVA,,,SHADOWS IN VALHALLA,2018-08-17
TCG,CT15,,,2018 MEGA-TINS,2018-08-31
TCG,MP18,,,2018 MEGA-TINS MEGA PACK,2018-08-31
OCG,EP18,EXTRA PACK 2018,엑스트라 팩 2018,,2018-09-08
OCG,SR07,ストラクチャーデッキR - アンデットワールド -,스트럭처 덱 R - 언데드 월드 -,STRUCTURE DECK: ZOMBIE HORDE,2018-09-22
TCG,LED3,,,LEGENDARY DUELISTS: WHITE DRAGON ABYSS,2018-09-28
OCG,YA06,遊戯王ARC-V 第6巻 付録カード,,Yu-Gi-Oh! ARC-V Manga Vol.6,2018-10-04
OCG,SEDS,YCSJ 記念商品 - 閃刀姫デュエルセット -,,,2018-10-06
TCG,LEHD,,,LEGENDARY HERO DECKS,2018-10-12
OCG,SAST,サベージ・ストライク [ SAVAGE STRIKE ],새비지 스트라이크,SAVAGE STRIKE,2018-10-13
OCG,20DS,Loppi限定 20th ANNIVERSARY デュエルセット,,,2018-10-31
TCG,AC18,,,YU-GI-OH! ADVENT CALENDAR 2018,2018-11-01
OCG,DP21,デュエリストパック - レジェンドデュエリスト編4 -,듀얼리스트 팩 - 레전드듀얼리스트 편 4 -,,2018-11-10
OCG,YCPC,遊戯王チップス,,,2018-11-12
TCG,HISU,,,HIDDEN SUMMONERS,2018-11-16
OCG,LVP2,LINK VRAINS PACK 2,링크 브레인즈 팩 2,,2018-11-23
TCG,OP09,,,OTS TOURNAMENT PACK 9,2018-12-07
OCG,SD35,ストラクチャーデッキ - ソウルバーナー -,스트럭처 덱 - 소울버너 -,,2018-12-08
OCG,19PP,PREMIUM PACK 2019,,,2018-12-22
OCG,JF19,ジャンプフェスタ リミテッドパック 2019,,,2018-12-22
OCG,SSD1,スピードスタートデッキ - リンク編 -,스피드 스타터 덱 - 링크 편 -,,2018-12-22
OCG,SSD2,スピードスタートデッキ - シンクロ編 -,스피드 스타터 덱 - 싱크로 편 -,,2018-12-22
TCG,LED4,,,LEGENDARY DUELISTS: SISTERS OF THE ROSE,2019-01-11
OCG,DANE,ダーク・ネオストーム [ DARK NEOSTORM ],다크 네오스톰,DARK NEOSTORM,2019-01-12
TCG,SS01,,,SPEED DUEL STARTER DECK: DESTINY MASTERS,2019-01-25
TCG,SS02,,,SPEED DUEL STARTER DECK: DUELISTS OF TOMORROW,2019-01-25
OCG,AE13,,어드밴스드 이벤트 팩 2019 Vol.1,,2019-02-02
OCG,20CP,20thシークレットレア SPECIAL PACK,,,2019-02-09
OCG,20TH,20th ANNIVERSARY LEGEND COLLECTION,,,2019-02-09
OCG,CHBI,,크로니클 바인더,,2019-02-12
OCG,MSC1,モンスターストライク コラボ記念カード,,,2019-02-15
TCG,SDSB,,,STRUCTURE DECK: SOULBURNER,2019-02-15
OCG,DBIC,デッキビルドパック - インフィニティ・チェイサーズ -,덱 필드 팩 - 인피니티 체이서즈 -,,2019-02-23
OCG,SR08,ストラクチャーデッキR - ロード・オブ・マジシャン -,스트럭처 덱 R - 로드 오브 매지션 -,STRUCTURE DECK: ORDER OF THE SPELLCASTERS,2019-03-09
OCG,DMMD,遊戯王 DUELIST and MONSTERS MEMORIAL DISC DVD・Blu-ray 特典カード,,,2019-03-20
OCG,VB21,公式カードカタログ ザ・ヴァリュアブル・ブック 21 付録カード,,,2019-03-20
TCG,INCH,,,THE INFINITY CHASERS,2019-03-22
OCG,ST19,STARTER DECK 2019,스타터 덱 2019,,2019-03-23
TCG,SBLS,,,SPEED DUEL: ARENA OF LOST SOULS,2019-03-29
TCG,DUPO,,,DUEL POWER VARIANT CARDS,2019-04-03
OCG,RIRA,ライジング・ランペイジ [ RISING RAMPAGE ],라이징 램페이지,RISING RAMPAGE,2019-04-13
TCG,OP10,,,OTS TOURNAMENT PACK 10,2019-04-18
TCG,STP1,,,SPEED DUEL TOURNAMENT PACK 01,2019-04-18
OCG,LDLE,遊戯王デュエルモンスターズ LEGACY OF THE DUELIST : LINK EVOLUTION デュエリストコンプリートガイド 同梱カード,,,2019-04-25
OCG,19PR,プロモーションパック2019,,,2019-05-11
OCG,LEC1,,레전드 컬렉션,,2019-05-15
OCG,CP19,コレクションパック 革命の決闘者編,컬렉션 팩 혁명의 듀얼리스트 편,,2019-05-18
TCG,SBAD,,,SPEED DUEL: ATTACK FROM THE DEEP,2019-05-31
OCG,DP22,デュエリストパック - レジェンドデュエリスト編5 -,듀얼리스트 팩 -레전드듀얼리스트 편 5-,,2019-06-08
OCG,SD36,ストラクチャーデッキ - リボルバー -,스트럭처 덱 - 리볼버 -,,2019-06-22
OCG,19TP,トーナメントパック 2019 Vol.3,,,2019-07-01
OCG,YA07,遊戯王ARC-V 第7巻 付録カード,,Yu-Gi-Oh! ARC-V Manga Vol.7,2019-07-04
TCG,BLHR,,,BATTLES OF LEGEND: HERO'S REVENGE,2019-07-12
OCG,19SP,SPECIAL PACK 20th ANNIVERSARY EDITION Vol.6,,,2019-07-13
OCG,CHIM,カオス・インパクト [ CHAOS IMPACT ],카오스 임팩트,CHAOS IMPACT,2019-07-13
OCG,VF19,ジャンプビクトリーカーニバル 2019,,,2019-07-21
OCG,VP19,20th ANNIVERSARY SECRET SELECTION,,,2019-08-01
TCG,EVSD,,,Event Pack Speed Duel,2019-08-02
TCG,SS03,,,SPEED DUEL STARTER DECKS: ULTIMATE PREDATORS,2019-08-02
TCG,SBSC,,,SPEED DUEL: SCARS OF BATTLE,2019-08-02
OCG,DBMF,デッキビルドパック - ミスティック・ファイターズ -,덱 빌드 팩 - 미스틱 파이터즈 -,,2019-08-03
OCG,2019,YU-GI-OH! WORLD CHAMPIONSHIP 2019 CELEBRATION EVENT,,Yu-Gi-Oh! CHAMPIONSHIP SERIES 2019,2019-08-10
TCG,OP11,,,OTS TOURNAMENT PACK 11,2019-08-15
TCG,SDRR,,,STRUCTURE DECK: ROKKET REVOLT,2019-08-16
TCG,LOD2,,,Legacy of the Duelist Link Evolution,2019-08-20
TCG,FIGA,,,FISTS OF THE GADGETS,2019-08-23
TCG,TN19,,,2019 GOLD SARCOPHAGUS TIN,2019-08-30
TCG,MP19,,,2019 GOLD SARCOPHAGUS TIN MEGA PACK,2019-08-30
OCG,LVDS,LINK VRAINS DUELIST SET - デッキ強化パック -,링크 브레인즈 듀얼리스트 세트 강화 팩,,2019-08-31
OCG,EP19,EXTRA PACK 2019,엑스트라 팩 2019,,2019-09-14
TCG,AC19,,,ADVENT CALENDAR 2019,2019-09-27
TCG,LED5,,,LEGENDARY DUELISTS: IMMORTAL DESTINY,2019-09-27
OCG,SR09,ストラクチャーデッキR - ウォリアーズ・ストライク -,스트럭처 덱 - 워리어즈 스트라이크 -,,2019-09-28
TCG,DUDE,,,Duel Devastator,2019-10-11
TCG,STP2,,,SPEED DUEL TOURNAMENT PACK 02,2019-10-11
OCG,IGAS,イグニッション・アサルト [ IGNITION ASSAULT ],이그니션 어썰트,IGNITION ASSAULT SPECIAL EDITION,2019-10-12
OCG,DCP1,デュエリストカードプロテクター 六属性セット 特典カード,듀얼리스트 카드 플레이매트,,2019-10-19
OCG,TTPR,遊戯王OCG10000種突破記念キャンペーン! 思い出のカードをつぶやいて「女剣士カナン」を手に入れろ!,10000종 돌파기념 이벤트 카드,,2019-10-22
OCG,AE14,,어드밴스드 이벤트 팩 2019 Vol.2,,2019-11-02
OCG,19YJ,YCSJ TOKYO 2019 記念商品 - 憑依覚醒 デュエルセット -,,,2019-11-03
OCG,DP23,デュエリストパック - レジェンドデュエリスト編6 -,듀얼리스트 팩 - 레전드듀얼리스트 편 6 -,,2019-11-09
OCG,YMAB,Yu-Gi-Oh! Official Card Game 20th ANNIVERSARY MONSTER ART BOX 同梱カード,,,2019-11-20
TCG,MYFI,,,MYSTIC FIGHTERS,2019-11-22
OCG,LVP3,LINK VRAINS PACK 3,링크 브레인즈 팩 3,,2019-11-23
TCG,SBTK,,,SPEED DUEL: TRIALS OF THE KINGDOM Sneak Peak,2019-11-30
TCG,OP12,,,OTS TOURNAMENT PACK 12,2019-12-05
OCG,SD37,ストラクチャーデッキ - リバース・オブ・シャドール -,스트럭처 덱 - 리버스 오브 섀도르 -,,2019-12-07
OCG,AGF1,,Anime Game Festival 스페셜쿠지,,2019-12-14
OCG,20PP,PREMIUM PACK 2020,,,2019-12-21
OCG,JF20,ジャンプフェスタ リミテッドパック 2020,,,2019-12-21
OCG,LGB1,LEGENDARY GOLD BOX,레전더리 골드 세트 자이언트 카드,,2019-12-21
OCG,SP19,,스페셜 팩 Vol.3,,2020-01-10
OCG,ETCO,エターニティ・コード [ ETERNITY CODE ],이터니티 코드,ETERNITY CODE,2020-01-11
TCG,LED6,,,LEGENDARY DUELISTS: MAGICAL HERO,2020-01-17
OCG,YO01,遊戯王OCGストラクチャーズ 第1巻 付録カード,,,2020-02-04
OCG,MG06,Yu-Gi-Oh! Official Card Game Duelmonsters MASTER GUIDE 6 同梱カード,,,2020-02-07
OCG,RC03,RARITY COLLECTION - PREMIUM GOLD EDITION -,레어리티 컬렉션 2020,,2020-02-08
TCG,SDSH,,,STRUCTURE DECK: SHADDOLL SHOWDOWN,2020-02-14
OCG,20YJ,YCSJ NAGOYA 2020 記念商品 - 閃刀姫デュエルセット2 -,,,2020-02-15
OCG,SR10,ストラクチャーデッキR - マシンナーズ・コマンド -,스트럭처 덱 R - 머시너즈 커맨드 -,STRUCTURE DECK: MECHANIZED MADNESS,2020-02-22
OCG,DBSS,デッキビルドパック - シークレット・スレイヤーズ -,덱 빌드 팩 시크릿 슬레이어즈,,2020-03-07
OCG,VB22,公式カードカタログ ザ・ヴァリュアブル・ブック 22 付録カード,,,2020-03-19
OCG,SD38,ストラクチャーデッキ - 混沌の三幻魔 -,스트럭처 덱 -혼돈의 삼환마 -,,2020-03-20
TCG,DUOV,,,DUEL OVERLOAD,2020-03-20
OCG,RB06,Vジャンプブックス 遊戯王オフィシャルカードゲーム パーフェクトルールブック2020 付録カード,,,2020-03-27
OCG,WP01,20th ANNIVERSARY LEGEND SELECTION,,,2020-04-01
RushDuel,RD/SJMP,最強ジャンプ 2020年 5月号 付録カード,,,2020-04-02
TCG,SESL,,,SECRET SLAYERS,2020-04-02
RushDuel,RD/P001,スタートラッシュキャンペーン,"""드래곤즈 듀얼 토너먼트"" 경품 카드",,2020-04-04
RushDuel,RD/ST01,スターターデッキ 遊我 - 切り開け! セブンスロード!! -,스타터 덱 유가 - 개척하라! 세븐즈로드!! -,,2020-04-04
RushDuel,RD/ST02,スターターデッキ ルーク - 爆裂覇道! ドラギアス!! -,스타터 덱 루크 - 폭렬패도! 드라기아스!! -,,2020-04-04
RushDuel,RD/VS01,スターターデッキセット - 遊我 VS ルーク - 特典カード,,,2020-04-04
RushDuel,RD/KP01,デッキ改造パック 超速のラッシュロード!!,덱 개조 팩 - 초속의 러시로드!! -,,2020-04-11
OCG,ROTD,ライズ・オブ・ザ・デュエリスト +1ボーナスパック,라이즈 오브 더 듀얼리스트,RISE OF THE DUELIST,2020-04-18
RushDuel,RD/WJMP,週刊少年ジャンプ 2020年 21・22号 付録カード,,,2020-04-27
TCG,SS04,,,SPEED DUEL STARTER DECKS: MATCH OF THE MILLENNIUM,2020-05-15
TCG,SS05,,,SPEED DUEL STARTER DECKS: TWISTED NIGHTMARES,2020-05-15
RushDuel,RD/VJMP,ビクトリーパック - 伝説の真紅眼 -,,,2020-05-21
OCG,LKB1,,럭키박스 2020 특전 카드,,2020-05-22
OCG,DP24,デュエリストパック -冥闇のデュエリスト編-,듀얼리스트 팩 -명암의 듀얼리스트 편-,,2020-05-30
TCG,OP13,,,OTS TOURNAMENT PACK 13,2020-06-15
TCG,TOCH,,,TOON CHAOS,2020-06-19
OCG,CP20,コレクションパック 2020,컬렉션 팩 2020,,2020-06-20
OCG,20TP,トーナメントパック 2020 Vol.3,,,2020-07-01
OCG,PSEC,プリズマティックシークレットレア 「青眼の白龍」GETキャンペーン,카오스 솔저 프리즈마틱 시크릿 레어 GET 캠페인,,2020-07-01
TCG,LDS1,,,LEGENDARY DUELISTS: SEASON 1,2020-07-03
OCG,SD39,ストラクチャーデッキ - 精霊術の使い手 -,스트럭처 덱 정령술의 마스터,,2020-07-04
TCG,SDSA,,,STRUCTURE DECK: SACRED BEASTS,2020-07-10
RushDuel,RD/D001,遊☆戯☆王SEVENS コンプリートチャレンジ 1,,,2020-07-18
OCG,VP20,PRISMATIC SPECIAL PACK,,,2020-07-21
TCG,BLAR,,,BATTLES OF LEGEND: ARMAGEDDON,2020-07-24
RushDuel,RD/KP02,デッキ改造パック 驚愕のライトニングアタック!!,덱 개조 팩 - 경악의 라이트닝어택!! -,,2020-08-01
OCG,PHRA,ファントム・レイジ +1ボーナスパック,팬텀 레이지,PHANTOM RAGE,2020-08-08
TCG,MP20,,,2020 TIN OF LOST MEMORIES,2020-08-28
OCG,SR11,ストラクチャーデッキR - ドラグニティ・ドライブ -,스트럭처 덱 R 드래그니티 드라이브,,2020-08-29
OCG,2020,DUEL LINKS KC GRAND TOURNAMENT,,DUEL LINKS KC Grand Tournament Prize Cards (1st - 3rd Place),2020-08-29
OCG,YO02,遊戯王OCGストラクチャーズ 第2巻 付録カード,,,2020-09-04
TCG,DLCS,,,DRAGONS OF LEGEND: THE COMPLETE SERIES,2020-09-11
OCG,DBGI,デッキビルドパック - ジェネシス・インパクターズ -,덱 빌드 팩 제네시스 임팩터즈,,2020-09-12
RushDuel,RD/JB01,Vジャンプブックス 遊戯王ラッシュデュエル ラッシュロードガイド,,,2020-09-18
RushDuel,RD/CP01,キャラクターパック - ガクト・ロア・ロミン -,캐릭터 팩 - 인학 / 로아 / 로민 -,,2020-09-19
RushDuel,RD/P002,小学生限定対戦イベント プロモーションカード,"""퓨전 듀얼 토너먼트"" 경품 카드 제1회",,2020-09-19
TCG,LED7,,,LEGENDARY DUELISTS: RAGE OF RA,2020-09-25
OCG,WPP1,WORLD PREMIERE PACK 2020,월드 프리미어 팩 2020,,2020-10-03
TCG,OP14,,,OTS TOURNAMENT PACK 14,2020-10-09
TCG,SDCH,,,STRUCTURE DECK: SPIRIT CHARMERS,2020-10-23
RushDuel,RD/BD01,遊戯王SEVENS Blu-ray&DVD DUEL-1,,,2020-10-28
OCG,BLVO,ブレイジング・ボルテックス +1ボーナスパック,블레이징 보텍스,BLAZING VORTEX,2020-10-31
TCG,MAGO,,,Gold Series: Maximum Gold,2020-11-13
RushDuel,RD/KP03,デッキ改造パック 幻撃のミラージュインパクト!!,덱 개조 팩 - 환격의 미라지임팩트!! -,,2020-11-14
OCG,SD40,ストラクチャーデッキ - 凍獄の氷結界 -,스트럭처 덱 동옥의 빙결계,,2020-11-21
TCG,OPTP,,,Speed Duel: Battle City Box,2020-11-26
TCG,SBCB,,,Speed Duel: Battle City Box,2020-11-26
TCG,GEIM,,,GENESIS IMPACT,2020-12-03
OCG,SLT1,SELECTION 10,셀렉션 텐,,2020-12-05
RushDuel,RD/MAX1,マキシマム超絶強化パック,맥시멈 초절강화 팩,,2020-12-12
OCG,PGB1,PRISMATIC GOD BOX SPECIAL PACK,,,2020-12-19
OCG,21PP,PREMIUM PACK 2021,,,2020-12-28
OCG,LIOV,ライトニング・オーバードライブ +1ボーナスパック,라이트닝 오버드라이브,LIGHTNING OVERDRIVE,2021-01-16
OCG,AE15,,어드밴스드 이벤트 팩 2020 Vol.1,,2021-01-18
TCG,LDS2,,,LEGENDARY DUELISTS: SEASON 2,2021-01-22
RushDuel,RD/BD02,遊戯王SEVENS Blu-ray&DVD DUEL-2,,,2021-01-27
RushDuel,RD/PR01,,런칭 기념 팩,,2021-01-30
TCG,OP15,,,OTS TOURNAMENT PACK 15,2021-02-05
OCG,PAC1,PRISMATIC ART COLLECTION,PRISMATIC ART COLLECTION [ 프리즈마틱 아트 컬렉션 ],,2021-02-06
RushDuel,RD/KP04,デッキ改造パック 宿命のパワーデストラクション!!,덱 개조 팩 - 숙명의 파워디스트럭션!! -,,2021-02-13
TCG,SDFC,,,STRUCTURE DECK: FREEZING CHAINS,2021-02-19
RushDuel,RD/21CC,「あまびえさん」プレゼントキャンペーン,"""아마비에상"" 증정 캠페인",,2021-02-20
OCG,21CC,「あまびえさん」プレゼントキャンペーン,"""아마비에상"" 증정 캠페인",Yu-Gi-Oh! Remote Duel Extravaganza participation card(US),2021-02-20
OCG,DBAG,デッキビルドパック - エンシェント・ガーディアンズ -,에인션트 가디언즈,,2021-03-06
OCG,VX01,公式カードカタログ ザ・ヴァリュアブル・ブックEX 付録カード,,,2021-03-19
RushDuel,RD/P003,スターター購入キャンペーン,"""맥시멈 듀얼 토너먼트"" 경품 카드 (제1회)",,2021-03-20
RushDuel,RD/AKG1,赤城乳業「遊☆戯☆王SEVENS」コラボキャンペーン 特典カード,,,2021-03-22
RushDuel,RD/AKG2,赤城乳業「遊☆戯☆王SEVENS」コラボキャンペーン 特典カード,,,2021-03-22
RushDuel,RD/B001,バトルパックVol.1,,,2021-03-22
RushDuel,RD/SA01,シークレットエースパック,,,2021-03-22
OCG,21TP,トーナメントパック 2021 Vol.2,,,2021-04-01
OCG,YO03,遊戯王OCGストラクチャーズ 第3巻 付録カード,,,2021-04-02
TCG,GFTP,,,GHOSTS FROM THE PAST,2021-04-16
OCG,DAMA,ドーン・オブ・マジェスティ +1ボーナスパック,던 오브 마제스티,DAWN OF MAJESTY,2021-04-17
RushDuel,RD/KP05,デッキ改造パック 躍動のエターナルライブ!!,덱 개조 팩 - 약동의 이터널라이브!! -,,2021-04-24
RushDuel,RD/P000,「青眼の白龍 ラッシュレア SPECIAL RED Ver.」GETキャンペーン,푸른 눈의 백룡 러시 레어 SPECIAL RED Ver. GET 캠페인,,2021-04-24
OCG,NCF1,No. COMPLETE FILE -PIECE OF MEMORIES-,,,2021-04-28
RushDuel,RD/CL01,遊☆戯☆王SEVENS ルーク! 爆裂覇道伝!! 第1巻 付録カード,,,2021-04-30
TCG,ANGU,,,ANCIENT GUARDIANS,2021-05-07
OCG,SD41,ストラクチャーデッキ-サイバー流の後継者-,스트럭처 덱 사이버류의 후계자,,2021-05-15
OCG,DP25,デュエリストパック -疾風のデュエリスト編-,듀얼리스트 팩 -질풍의 듀얼리스트 편-,,2021-05-22
RushDuel,RD/BD03,遊戯王SEVENS Blu-ray&DVD DUEL-3,,,2021-05-26
OCG,VP21,LEGENDARY MONSTERS PACK,,,2021-05-28
RushDuel,RD/MAX2,マキシマム超絶進化パック,맥시멈 초절진화 팩,,2021-06-05
OCG,AE16,,어드밴스드 이벤트 팩 2021 Vol.1 Version2,,2021-06-08
TCG,OP16,,,OTS TOURNAMENT PACK 16,2021-06-10
OCG,AC01,アニメーション クロニクル 2021,애니메이션 크로니클 2021,,2021-06-12
TCG,EGO1,,,EGYPTIAN GOD DECK: OBELISK THE TORMENTOR,2021-06-18
TCG,EGS1,,,EGYPTIAN GOD DECK: SLIFER THE SKY DRAGON,2021-06-18
OCG,SD42,ストラクチャーデッキ-オーバーレイ・ユニバース-,스트럭처 덱 오버레이 유니버스,,2021-06-26
RushDuel,RD/B002,バトルパックVol.2,,,2021-07-01
RushDuel,RD/SA02,シークレットエースパックVol.2,,,2021-07-01
TCG,KICO,,,KING'S COURT,2021-07-09
OCG,DR01,デュエルロワイヤル デッキセットEX[ 青眼の白龍 ],,,2021-07-10
OCG,BODE,バースト・オブ・デスティニー +1ボーナスパック,버스트 오브 데스티니,BURST OF DESTINY,2021-07-17
RushDuel,RD/711A,セブンイレブン「遊☆戯☆王SEVENS」コラボキャンペーン特典カード,,,2021-07-22
RushDuel,RD/KP06,デッキ改造パック 激闘のサンダーストーム!!,덱 개조 팩 -격투의 썬더스톰!!-,,2021-07-24
RushDuel,RD/SBP1,最強ジャンプ 2021年 9月号 付録「最強バトルパック」,,,2021-08-04
OCG,SR12,ストラクチャーデッキR-ロスト・サンクチュアリ-,스트럭처 덱 R 잃어버린 성역,,2021-08-07
RushDuel,RD/G001,遊戯王ラッシュデュエル 最強バトルロイヤル!! 初回生産限定特典カード,,,2021-08-12
RushDuel,RD/SBD0,最強バトルデッキ プラスワンボーナスカード,최강 배틀 덱 플러스 원 보너스 카드,,2021-08-21
RushDuel,RD/SBD1,最強バトルデッキ 遊我 -ハイパーマシンロード-,최강 배틀 덱 유가 -하이퍼머신로드-,,2021-08-21
RushDuel,RD/SBD2,最強バトルデッキ ルーク -ドラゴンズ・ドラゴンズ-,최강 배틀 덱 루크 -드래곤즈 드래곤즈-,,2021-08-21
RushDuel,RD/SBD3,最強バトルデッキ ガクト -魔将参陣-,최강 배틀 덱 인학 -마장참진-,,2021-08-21
RushDuel,RD/SBD4,最強バトルデッキ ロミン -サイキックビート-,최강 배틀 덱 로민 -사이킥비트-,,2021-08-21
RushDuel,RD/SBD5,最強バトルデッキ ロア -デモンズロック-,최강 배틀 덱 로아 -데먼즈록-,,2021-08-21
RushDuel,RD/SBD6,最強バトルデッキ ネイル -マキシマムヘイブン-,최강 배틀 덱 네일 -맥시멈헤이븐-,,2021-08-21
RushDuel,RD/SBD7,最強バトルデッキ アサナ -重騎道の誇り-,최강 배틀 덱 아사나 -중기도의 긍지-,,2021-08-21
RushDuel,RD/VC21,ジャンプビクトリーカーニバル2021特典カード,,,2021-08-22
RushDuel,RD/BD04,遊戯王SEVENS Blu-ray&DVD DUEL-4,,,2021-08-25
OCG,DBGC,デッキビルドパック- グランド・クリエイターズ -,그랜드 크리에이터즈,,2021-08-28
OCG,2021,DUEL LINKS KC GRAND TOURNAMENT 2021,,DUEL LINKS KC Grand Tournament 2021 Prize Cards (1st - 3rd Place),2021-08-28
RushDuel,RD/EXT1,エクストラ超越強化パック,엑스트라 초월강화 팩,,2021-09-18
OCG,WPP2,WORLD PREMIERE PACK 2021,월드 프리미어 팩 2021,,2021-09-25
RushDuel,RD/B003,バトルパックVol.3,,,2021-10-01
TCG,MP21,,,2021 TIN OF ANCIENT BATTLES,2021-10-01
RushDuel,RD/AKG3,赤城乳業「遊☆戯☆王SEVENS」コラボキャンペーン第2弾 特典カード,,,2021-10-04
RushDuel,RD/AKG4,赤城乳業「遊☆戯☆王SEVENS」コラボキャンペーン第2弾 特典カード,,,2021-10-04
TCG,OP17,,,OTS TOURNAMENT PACK 17,2021-10-06
RushDuel,RD/EV01,,이벤트 팩 Vol.1,,2021-10-11
RushDuel,RD/DON1,ドン・キホーテコラボ特典カード,,,2021-10-13
TCG,SDCS,,,STRUCTURE DECK: CYBER STRIKE,2021-10-15
OCG,BACH,バトル・オブ・カオス +1ボーナスパック,배틀 오브 카오스,BATTLE OF CHAOS,2021-10-16
TCG,LED8,,,LEGENDARY DUELISTS: SYNCHRO STORM,2021-10-29
RushDuel,RD/KP07,デッキ改造パック 混沌のオメガライジング!!,덱 개조 팩 -혼돈의 오메가라이징!!-,,2021-10-30
OCG,YO04,遊戯王OCGストラクチャーズ 第4巻 付録カード,,,2021-11-04
RushDuel,RD/CL02,遊☆戯☆王SEVENS ルーク! 爆裂覇道伝!! 第2巻 付録カード,,,2021-11-04
TCG,MGED,,,MAXIMUM GOLD: EL DORADO,2021-11-19
OCG,DP26,デュエリストパック -深淵のデュエリスト編-,듀얼리스트 팩 -심연의 듀얼리스트 편-,,2021-11-20
OCG,SBPR,Yu-Gi-Oh! UNITED DUEL TOURNAMENT,,,2021-11-28
TCG,BROL,,,BROTHERS OF LEGEND,2021-12-03
OCG,SD43,ストラクチャーデッキ-ALBA STRIKE-,알버스트라이크,,2021-12-04
RushDuel,RD/GRP1,ゴールドラッシュパック,그랜드 러시 팩,,2021-12-11
OCG,22PP,PREMIUM PACK 2022,,,2021-12-18
RushDuel,RD/DD01,デュエルディスク同梱カード,,,2021-12-18
RushDuel,RD/BD05,遊戯王SEVENS Blu-ray&DVD DUEL-5,,,2021-12-22
OCG,SSB1,SECRET SHINY BOX SPECIAL PACK,"""시크릿 샤이니 세트"" 스페셜 팩",,2021-12-25
RushDuel,RD/VP02,ビクトリーパック -極大の連撃竜 -,,,2021-12-28
RushDuel,RD/B004,バトルパックVol.4,,,2022-01-01
RushDuel,RD/SA03,シークレットエースパックVol.3,,,2022-01-01
OCG,DIFO,ディメンション・フォース[ DIMENSION FORCE ],디멘션 포스,DIMENSION FORCE,2022-01-15
OCG,PPC1,パワプロコラボカード2種,,,2022-01-18
OCG,25TH,「ブラック・マジシャン」 SPECIAL ILLUST ver. GETキャンペーン,블랙 매지션 울트라 레어 SPECIAL ILLUST Ver. GET 캠페인,BATTLE OF CHAOS,2022-01-25
TCG,GRCR,,,THE GRAND CREATORS,2022-01-28
RushDuel,RD/GRC1,ゴールドラッシュチャレンジパック,,,2022-01-29
RushDuel,RD/KP08,デッキ改造パック 創造のマスターロード!!,덱 개조 팩 -창조의 마스터로드!!-,,2022-01-29
OCG,HC01,HISTORY ARCHIVE COLLECTION,히스토리 아카이브 컬렉션,,2022-02-19
TCG,OP18,,,OTS TOURNAMENT PACK 18,2022-02-23
TCG,STP3,,,SPEED DUEL TOURNAMENT PACK 3,2022-03-10
TCG,HAC1,,,HIDDEN ARSENAL CHAPTER 1,2022-03-11
OCG,VX02,公式カードカタログ ザ・ヴァリュアブル・ブックEX2 同梱,,,2022-03-18
TCG,SGX1,,,SPEED DUEL GX: DUEL ACADEMY BOX,2022-03-18
OCG,DBTM,デッキビルドパック- タクティカル・マスターズ -,택티컬 마스터즈,,2022-03-19
OCG,DMMS,遊戯王 デュエルモンスターズ ミレニアムシーンズ DVD・Blu-ray 特典カード,,,2022-03-23
OCG,22YJ,YCSJ YOKOHAMA 2022 記念商品 - レッドアイズ デュエルセット -,,,2022-03-27
RushDuel,RD/B221,バトルパック 2022 Vol.1,,,2022-04-01
RushDuel,RD/S221,シークレットエースパック 2022 Vol.1,,,2022-04-01
RushDuel,RD/SST1,最強ジャンプ2022年5月号付録 最強スターターデッキ,,,2022-04-04
RushDuel,RD/KP09,デッキ改造パック 運命のギャラクシー!!,덱 개조 팩 -운명의 갤럭시!!-,,2022-04-09
TCG,SDAZ,,,STRUCTURE DECK: ALBAZ STRIKE,2022-04-15
RushDuel,RD/EV02,,이벤트 팩 2022 Vol.1,,2022-04-16
OCG,KC01,25th ANNIVERSARY ULTIMATE KAIBA SET,,25TH ANNIVERSARY ULTIMATE KAIBA SET,2022-04-23
OCG,POTE,パワー・オブ・ジ・エレメンツ +1ボーナスパック,파워 오브 디 엘리멘츠,POWER OF THE ELEMENTS,2022-04-23
RushDuel,RD/BD06,遊戯王SEVENS Blu-ray&DVD DUEL-6,,,2022-04-27
OCG,DR02,デュエルロワイヤル デッキセットEX -ROUND2- (溶岩魔神ラヴァ・ゴーレム),,,2022-04-29
RushDuel,RD/GRD0,ゴーラッシュデッキ ボーナスカード,고 러시 덱 보너스 카드,,2022-04-29
RushDuel,RD/GRD1,ゴーラッシュデッキ ギャラクティカ・アライブ,고 러시 덱 -갤럭티카 얼라이브-,,2022-04-29
RushDuel,RD/GRD2,ゴーラッシュデッキ ジョインテック・アタック,고 러시 덱 -조인테크 어택-,,2022-04-29
RushDuel,RD/BRG1,『ボクの発明学園』1巻同梱カード,,,2022-05-02
RushDuel,RD/CL03,『遊☆戯☆王SEVENSルーク! 爆裂覇道伝!!』3巻同梱カード,,,2022-05-02
TCG,GFP2,,,GHOSTS FROM THE PAST: THE 2ND HAUNTING,2022-05-06
OCG,DP27,デュエリストパック -輝石のデュエリスト編-,듀얼리스트 팩 -휘석의 듀얼리스트 편-,,2022-05-21
OCG,VP22,応募者全員大サービス「PHARAONIC LEGEND PACK」,,,2022-05-27
OCG,YO05,遊戯王OCGストラクチャーズ5巻同梱,,,2022-06-03
RushDuel,RD/RLP1,ラッシュデュエルLP1巻同梱カード,,,2022-06-03
RushDuel,RD/MRP1,メガロードパック,메가로드 팩,,2022-06-04
TCG,OP19,,,OTS TOURNAMENT PACK 19,2022-06-10
OCG,AC02,アニメーション クロニクル 2022,애니메이션 크로니클 2022,,2022-06-11
TCG,LED9,,,LEGENDARY DUELISTS: DUELS FROM THE DEEP,2022-06-17
RushDuel,RD/2022,,"이벤트 참가상 ""아마비에상""",,2022-06-18
OCG,AE17,,어드밴스드 이벤트 팩2022 Vol.1 Ver.2,,2022-06-24
OCG,SD44,ストラクチャーデッキ-宝玉の伝説-,스트럭처 덱 보옥의 전설,,2022-06-25
RushDuel,RD/B222,バトルパック 2022 Vol.2,,,2022-07-01
RushDuel,RD/D002,遊戯王ゴーラッシュ!! コンプリートチャレンジ1,,,2022-07-01
RushDuel,RD/S222,シークレットエースパック 2022 Vol.2,,,2022-07-01
RushDuel,RD/KP10,デッキ改造パック 破滅のレクイエム!!,덱 개조 팩 -파멸의 레퀴엠!!-,,2022-07-09
OCG,DABL,ダークウィング・ブラスト[ DARKWING BLAST ],다크윙 블래스트,DARKWING BLAST,2022-07-16
RushDuel,RD/VC22,ジャンプビクトリーカーニバル2022特典カード,,,2022-07-17
TCG,LDS3,,,LEGENDARY DUELISTS: SEASON 3,2022-07-22
RushDuel,RD/BD07,遊戯王SEVENS Blu-ray&DVD DUEL-7,,,2022-07-27
RushDuel,RD/SR01,,시크릿 레코드 팩,,2022-07-27
RushDuel,RD/711B,セブンイレブン「遊☆戯☆王ゴーラッシュ!!」コラボキャンペーン特典カード,,,2022-08-04
RushDuel,RD/SD01,最強バトルデッキ ユウディアス -輝きのベルギャリーヴァ-,최강 배틀 덱 유디아스 -반짝임의 벨갸리바-,,2022-08-06
RushDuel,RD/SD02,最強バトルデッキ 遊飛 -ジョインと爆熱! ジョインと激烈!-,최강 배틀 덱 유상 -폭열의 조인트! 격렬의 조인트!-,,2022-08-06
RushDuel,RD/SD03,最強バトルデッキ 遊歩 -おいでヨ! ハイテクドラゴン!-,최강 배틀 덱 유선 -오!너라 하이테크드래곤!-,,2022-08-06
RushDuel,RD/SD04,最強バトルデッキ マナブ -炎のケミストニャードロー!-,최강 배틀 덱 인혁 -화염의 케미스트냥 드로우!-,,2022-08-06
RushDuel,RD/SD05,最強バトルデッキ ズウィージョウ -虚空のヴォイドヴェルグ-,최강 배틀 덱 즈위죠 -허공의 보이드베르그-,,2022-08-06
OCG,SR13,ストラクチャーデッキR-デビルズ・ゲート-,스트럭처 덱 R 데블즈 게이트,STRUCTURE DECK: DARK WORLD,2022-08-06
OCG,DBAD,デッキビルドパック- アメイジング・ディフェンダーズ -,덱 빌드 팩 어메이징 디펜더즈,,2022-08-20
TCG,TAMA,,,TACTICAL MASTERS,2022-08-26
OCG,2022,DUEL LINKS KC GRAND TOURNAMENT 2022,"KCS2022 예선 참가상 ""아마비에상""",DUEL LINKS KC Grand Tournament 2022 Prize Cards (1st - 3rd Place),2022-08-27
OCG,WPP3,WORLD PREMIERE PACK 2022,월드 프리미어 팩 2022,,2022-09-10
OCG,TGS1,TOKYO GAME SHOW 2022,,,2022-09-15
TCG,MP22,,,2022 TIN OF THE PHARAOH'S GODS,2022-09-16
TCG,STP4,,,SPEED DUEL TOURNAMENT PACK 4,2022-09-16
TCG,SDCB,,,STRUCTURE DECK: LEGEND OF THE CRYSTAL BEASTS,2022-09-30
OCG,22TP,トーナメントパック 2022 Vol.4,,,2022-10-01
RushDuel,RD/B223,バトルパック 2022 Vol.3,,,2022-10-01
RushDuel,RD/S223,シークレットエースパック 2022 Vol.3,,,2022-10-01
TCG,OP20,,,OTS TOURNAMENT PACK 20,2022-10-07
RushDuel,RD/KP11,デッキ改造パック 旋風のフォルテシモ!!,덱 개조 팩 -선풍의 포르티시모!!-,,2022-10-08
TCG,SGX2,,,SPEED DUEL GX: MIDTERM PARADOX,2022-10-10
OCG,PHHY,フォトン・ハイパーノヴァ +1ボーナスパック,포톤 하이퍼노바,PHOTON HYPERNOVA,2022-10-15
RushDuel,RD/BDG1,遊戯王ゴーラッシュ!! Blu-ray&DVD DUEL-1,,,2022-10-26
TCG,MAMA,,,MAGNIFICENT MAVENS,2022-11-04
OCG,SLF1,SELECTION5,셀렉션 파이브,,2022-11-05
TCG,BLCR,,,BATTLES OF LEGEND: CRYSTAL REVENGE,2022-11-18
RushDuel,RD/SDP1,,최강 배틀 덱 스페셜 프로모션 팩,,2022-11-23
RushDuel,RD/ORP1,オーバーラッシュパック,오버러시 팩,,2022-11-26
RushDuel,RD/G002,遊戯王ラッシュデュエル 最強バトルロイヤル!!いくぞ!ゴーラッシュ!! 早期予約特典カード,,,2022-12-01
OCG,YOS1,遊戯王OCGストーリーズ閃刀姫編1巻同梱,,,2022-12-02
RushDuel,RD/CGR1,遊☆戯☆王ゴーラッシュ!!1巻同梱カード,,,2022-12-02
OCG,SD45,ストラクチャーデッキ-蟲惑魔の森-,스트럭처 덱 충혹마의 숲,,2022-12-03
OCG,23PP,PREMIUM PACK 2023,프리미엄 팩 2023 2nd WAVE,,2022-12-17
OCG,23PR,プロモーションパック 2023,,,2022-12-17
RushDuel,RD/23PR,プロモーションパック 2023,,,2022-12-17
RushDuel,RD/DD02,デュエルディスク ユウディアスVer.同梱カード,,,2022-12-17
OCG,SUB1,SECRET UTILITY BOX SPECIAL PACK,,,2022-12-24
RushDuel,RD/B224,バトルパック 2022 Vol.4,,,2023-01-01
RushDuel,RD/S224,シークレットエースパック 2022 Vol.4,,,2023-01-01
OCG,YO06,遊戯王OCGストラクチャーズ6巻同梱,,,2023-01-04
RushDuel,RD/RLP2,ラッシュデュエルLP2巻同梱カード,,,2023-01-04
OCG,CYAC,サイバーストーム・アクセス +1ボーナスパック,사이버스톰 액세스,CYBERSTORM ACCESS,2023-01-14
OCG,PPC2,実況パワフルプロ野球コラボカード2023,,,2023-01-16
TCG,AMDE,,,AMAZING DEFENDERS,2023-01-20
RushDuel,RD/KP12,デッキ改造パック 強襲のダブルスター!!,덱 개조 팩-강습의 더블스타!!,,2023-01-21
RushDuel,RD/BDG2,遊戯王ゴーラッシュ!! Blu-ray&DVD DUEL-2,,,2023-01-25
OCG,ADC1,アディダス コラボ記念カード,,ADIDAS COLLABORATION CARD,2023-01-26
TCG,OP21,,,OTS TOURNAMENT PACK 21,2023-02-08
OCG,RC04,RARITY COLLECTION -QUARTER CENTURY EDITION-,레어리티 컬렉션 -쿼터 센추리 에디션-,,2023-02-18
TCG,SDBT,,,STRUCTURE DECK: BEWARE OF TRAPTRIX,2023-02-24
RushDuel,RD/EV03,,이벤트 팩 2023 Vol.1,,2023-02-25
RushDuel,RD/LGP1,レジェンド覚醒パック,레전드 각성 팩,,2023-03-04
TCG,STP5,,,SPEED DUEL TOURNAMENT PACK 5,2023-03-08
TCG,MAZE,,,MAZE OF MEMORIES,2023-03-10
OCG,VX03,公式カードカタログ ザ・ヴァリュアブル・ブックEX3 同梱,,,2023-03-17
OCG,DBWS,デッキビルドパック- ワイルド・サバイバーズ -,덱 빌드 팩 와일드 서바이버즈,,2023-03-18
TCG,SGX3,,,SPEED DUEL GX: DUELISTS OF SHADOWS,2023-03-31
OCG,23TP,トーナメントパック 2023 Vol.2,,,2023-04-01
RushDuel,RD/B231,バトルパック 2023 Vol.1,,,2023-04-01
OCG,DEC1,恐竜博2023プロモーションパック,,,2023-04-03
RushDuel,RD/DEC1,恐竜博2023プロモーションパック,,,2023-04-03
RushDuel,RD/VSP1,VSパック マキシマム・フォース,VS팩 맥시멈 포스,,2023-04-08
RushDuel,RD/GC23,ギャラクシーカップ2023参加賞,,,2023-04-15
RushDuel,RD/JF23,エクスキューティーデュエルセット特典カード,,,2023-04-20
TCG,DCR,,암흑의 위협,DARK CRISIS (LC01 25th Anniversary Edition),2023-04-21
TCG,IOC,,혼돈의 지배,INVASION OF CHAOS (LC01 25th Anniversary Edition),2023-04-21
TCG,LOB,,푸른 눈의 백룡의 전설,LEGEND OF BLUE EYES WHITE DRAGON (LC01 25th Anniversary Edition),2023-04-21
TCG,LC01,,,LEGENDARY COLLECTION: 25TH ANNIVERSARY EDITION,2023-04-21
TCG,MRD,,강철의 습격자,METAL RAIDERS (LC01 25th Anniversary Edition),2023-04-21
TCG,PSV,,파라오의 사도,PHARAOH'S SERVANT (LC01 25th Anniversary Edition),2023-04-21
TCG,SRL,,마법의 지배자,SPELL RULER (LC01 25th Anniversary Edition),2023-04-21
OCG,DUNE,デュエリスト・ネクサス +1ボーナスパック,듀얼리스트 넥서스,DUELIST NEXUS,2023-04-22
RushDuel,RD/BDG3,遊戯王ゴーラッシュ!! Blu-ray&DVD DUEL-3,,,2023-04-26
RushDuel,RD/KP13,閃光のオブリビオン,섬광의 오블리비언,,2023-05-13
RushDuel,RD/P004,「青眼の白龍 シークレットレア SPECIAL BLUE Ver.」GETキャンペーン,,,2023-05-13
OCG,CCC1,COCO'S×遊戯王カードゲーム アニバーサリーキャンペーン 第1弾,,,2023-05-16
RushDuel,RD/CCC1,COCO'S×遊戯王カードゲーム アニバーサリーキャンペーン 第1弾,,,2023-05-16
OCG,AE18,,어드밴스드 이벤트 팩 2023 Vol.1 Ver.2,,2023-05-26
OCG,VP23,QUARTER CENTURY ANNIVERSARY SELECTION,,,2023-05-26
OCG,DP28,デュエリストパック -爆炎のデュエリスト編-,듀얼리스트 팩 -폭염의 듀얼리스트 편-,,2023-05-27
OCG,23YJ,YCSJ TOKYO 2023 記念商品 - 超越竜デュエルセット -,,,2023-05-28
RushDuel,RD/CGR2,遊☆戯☆王ゴーラッシュ!! 第2巻 付録カード,,,2023-06-02
RushDuel,RD/SR02,,시크릿 레코드 팩 2 Vol.1,,2023-06-02
TCG,WISU,,,WILD SURVIVORS,2023-06-02
OCG,AC03,アニメーション クロニクル 2023,애니메이션 크로니클 2023,,2023-06-10
TCG,BLMR,,,BATTLES OF LEGEND: MONSTROUS REVENGE,2023-06-23
OCG,SD46,ストラクチャーデッキ-王者の鼓動-,스트럭처 덱 왕자의 고동,,2023-06-24
RushDuel,RD/TB01,トリプルビルドパック ゴッドブレス・ウィング,트리플 빌드 팩 갓브레스 윙,,2023-06-24
RushDuel,RD/B232,バトルパック 2023 Vol.2,,,2023-07-01
RushDuel,RD/SC23,,「STELLA CUP 2023」상위상,,2023-07-02
TCG,OP22,,,OTS TOURNAMENT PACK 22,2023-07-19
OCG,AGOV,エイジ・オブ・オーバーロード +1ボーナスパック,에이지 오브 오버로드,AGE OF OVERLORD,2023-07-22
RushDuel,RD/VC23,ジャンプビクトリーカーニバル2023 特典カード,,,2023-07-23
RushDuel,RD/BDG4,遊戯王ゴーラッシュ!! Blu-ray&DVD DUEL-4,,,2023-07-26
OCG,711C,セブンイレブン「遊戯王カードゲーム」コラボキャンペーン特典カード,,,2023-08-03
RushDuel,RD/711C,セブンイレブン「遊戯王カードゲーム」コラボキャンペーン特典カード,,,2023-08-03
OCG,YO07,遊戯王OCGストラクチャーズ 第7巻 付録カード,,,2023-08-04
OCG,2023,Yu-Gi-Oh! WORLD CHAMPIONSHIP 2023 来場記念カード,2023년 상반기 대회용 프로모션 카드,Yu-Gi-Oh! WORLD CHAMPIONSHIP 2023,2023-08-06
RushDuel,RD/KP14,轟炎のフェニックス,굉염의 피닉스,,2023-08-11
TCG,LD10,,,LEGENDARY DUELISTS: SOULBURNING VOLCANO,2023-08-11
OCG,23YA,AREA CHAMPIONSHIP 2023,,,2023-08-12
OCG,25DS,Loppi限定 QUARTER CENTURY デュエルセット(ラーの翼神竜),,,2023-08-25
TCG,SBC1,,,SPEED DUEL: STREETS OF BATTLE CITY,2023-08-25
OCG,DBVS,デッキビルドパック- ヴァリアント・スマッシャーズ -,덱 빌드 팩 밸리언트 스매셔즈,,2023-08-26
TCG,STP6,,,SPEED DUEL TOURNAMENT PACK 6,2023-09-06
TCG,TN23,,,25TH ANNIVERSARY TIN: DUELING HEROES,2023-09-08
TCG,MP23,,,25TH ANNIVERSARY TIN: DUELING HEROES MEGA PACK,2023-09-08
OCG,SR14,ストラクチャーデッキR-炎王の急襲-,스트럭처 덱 R 염왕의 급습,STRUCTURE DECK: FIRE KINGS,2023-09-09
OCG,GUC1,GU コラボ記念カード,,,2023-09-15
OCG,TBC1,壺 COLLECTION,,,2023-09-16
TCG,SDCK,,,STRUCTURE DECK: THE CRIMSON KING,2023-09-22
OCG,WPP4,WORLD PREMIERE PACK 2023,WORLD PREMIERE PACK 2023,,2023-09-23
RushDuel,RD/KRCS,,「KCS 2023」 참가상,,2023-09-30
RushDuel,RD/SD0A,ストラクチャーデッキ 究極の青眼伝説,스트럭처 덱 궁극의 청안 전설,,2023-09-30
RushDuel,RD/B233,バトルパック 2023 Vol.3,,,2023-10-01
RushDuel,RD/S23P,トーナメントバトル上位賞カード2023年10月,,,2023-10-01
RushDuel,RD/EV04,,이벤트 팩 2023 Vol.2,,2023-10-07
RushDuel,RD/MRP2,メガロードパック2,메가로드 팩 2,,2023-10-14
RushDuel,RD/EPP1,,익스프레스 팩,,2023-10-20
RushDuel,RD/ECG1,遊戯王ラッシュデュエル カードゲームガム,,,2023-10-23
RushDuel,RD/BDG5,遊戯王ゴーラッシュ!! Blu-ray&DVD DUEL-5,,,2023-10-26
TCG,OP23,,,OTS TOURNAMENT PACK 23,2023-10-26
OCG,PHNI,ファントム・ナイトメア +1ボーナスパック,팬텀 나이트메어,PHANTOM NIGHTMARE,2023-10-28
TCG,RA01,,,25TH ANNIVERSARY RARITY COLLECTION,2023-11-03
RushDuel,RD/KP15,闇黒のレッドリブート,암흑의 레드리부트,,2023-11-11
TCG,VASM,,,VALIANT SMASHERS,2023-11-17
OCG,SYP1,,시너지 팩 01 -싱크로 엑셀러레이션-,,2023-11-21
OCG,TW01,TERMINAL WORLD,터미널 월드,,2023-11-25
OCG,SDQC,遊戯王 SOUND DUEL~QUARTER CENTURY SELECTION~ 特典カード,,,2023-11-29
OCG,AE19,,어드밴스드 이벤트 팩 2023 Vol.2 Version2,,2023-12-02
OCG,AGF2,,AGF2023 기념상품 -이빌트윈 듀얼 세트-,,2023-12-02
RushDuel,RD/CGR3,遊☆戯☆王ゴーラッシュ!! 第3巻 付録カード,,,2023-12-04
OCG,GPC1,,고피자×유희왕 오피셜 카드게임 콜라보 캠페인 특전 카드,,2023-12-08
OCG,24PP,PREMIUM PACK 2024,프리미엄 팩 2024 2nd WAVE,,2023-12-16
OCG,24PR,プロモーションパック 2024,,,2023-12-16
RushDuel,RD/24PR,プロモーションパック 2024,,,2023-12-16
RushDuel,RD/HC01,ハイグレードコレクション,하이그레이드 컬렉션,,2023-12-16
OCG,QCDB,QUARTER CENTURY DUELIST BOX,쿼터 센추리 듀얼리스트 세트,,2023-12-23
RushDuel,RD/B234,バトルパック 2023 Vol.4,,,2024-01-01
TCG,MZMI,,,MAZE OF MILLENNIA,2024-01-19
RushDuel,RD/BDG6,遊戯王ゴーラッシュ!! Blu-ray&DVD DUEL-6,,,2024-01-24
TCG,STAS,,,2-PLAYER STARTER SET,2024-01-26
TCG,STAX,,,2-PLAYER STARTER SET,2024-01-26
OCG,LEDE,レガシー・オブ・デストラクション [LEGACY OF DESTRUCTION],레거시 오브 디스트럭션,LEGACY OF DESTRUCTION,2024-01-27
OCG,TD01,遊戯王デュエルモンスターズ 決闘者伝説 QUARTER CENTURY - 来場者限定記念カード 2月3日 -,,,2024-02-03
OCG,TDPP,PREMIUM PACK-決闘者伝説 QUARTER CENTURY EDITION-,,,2024-02-03
OCG,TDPR,The Legend of Duelist PROMOTION PACK,,,2024-02-03
OCG,TDS1,ストラクチャーデッキ 精霊術の使い手 -決闘者伝説 QUARTER CENTURY EDITION-,,,2024-02-03
OCG,TDS2,ストラクチャーデッキ 蟲惑魔の森 -決闘者伝説 QUARTER CENTURY EDITION-,,,2024-02-03
RushDuel,RD/TDPR,The Legend of Duelist PROMOTION PACK,,,2024-02-03
OCG,TD02,遊戯王デュエルモンスターズ 決闘者伝説 QUARTER CENTURY - 来場者限定記念カード 2月4日 -,,,2024-02-04
RushDuel,RD/KP16,超越のトランザム,초월의 트랜잠,,2024-02-10
TCG,OP24,,,OTS TOURNAMENT PACK 24,2024-02-14
OCG,ART1,YU-GI-OH! CARD GAME ART WORKS 同梱カード,,,2024-02-21
OCG,QCCU,QUARTER CENTURY CHRONICLE side:UNITY,쿼터 센추리 크로니클 side: 유니티,,2024-02-23
TCG,BLC1,,,BATTLES OF LEGEND - CHAPTER 1,2024-02-23
OCG,2024,日本選手権2024 ショップ予選 上位賞,「Korea Championship 2024」상위상,Yu-Gi-Oh! WORLD CHAMPIONSHIP 2024 Celebration Event,2024-03-01
OCG,YO08,遊戯王OCGストラクチャーズ 第8巻 付録カード,,,2024-03-04
OCG,VX04,公式カードカタログ ザ・ヴァリュアブル・ブックEX4 付録カード,,,2024-03-22
OCG,AW01,HIGH-RESOLUTION ARTWORK SERIES 氷結界の龍 トリシューラ,,,2024-03-23
OCG,QCCP,QUARTER CENTURY CHRONICLE side:PRIDE,쿼터 센추리 크로니클 side: 프라이드,,2024-03-23
OCG,QCSS,遊戯王 QUARTER CENTURY SUMMONSCENE SELECTION DVD・Blu-ray 特典カード,,,2024-03-27
RushDuel,RD/JF24,ブルーアイズデュエルセット特典カード,,,2024-03-27
TCG,SGX4,,,SPEED DUEL GX: MIDTERM DESTRUCTION,2024-03-29
OCG,24EP,イベントパック 2024 Vol.1,,,2024-04-01
OCG,DK01,「決闘者の王国 -スターチップを獲得せよ!- 」限定パック,,,2024-04-01
RushDuel,RD/B241,バトルパック 2024 Vol.1,,,2024-04-01
RushDuel,RD/DK01,「決闘者の王国 -スターチップを獲得せよ!- 」限定パック,,,2024-04-01
RushDuel,RD/S241,スペシャルビクトリーパック 2024 Vol.1,,,2024-04-01
TCG,STP7,,,SPEED DUEL TOURNAMENT PACK 7,2024-04-03
RushDuel,RD/ORP2,オーバーラッシュパック2,오버러시 팩 2,,2024-04-06
OCG,AE20,,어드밴스드 이벤트 팩 2024 Vol.1 Version2,,2024-04-13
OCG,QCUC,QUARTER CENTURY UNITY&PRIDEキャンペーン,,,2024-04-20
RushDuel,RD/BDG7,遊戯王ゴーラッシュ!! Blu-ray&DVD DUEL-7,,,2024-04-24
OCG,RB07,Vジャンプブックス 遊戯王オフィシャルカードゲーム パーフェクトルールブック2024 付録カード,,,2024-04-26
OCG,INFO,インフィニット・フォビドゥン +1ボーナスパック,인피니트 포비든,THE INFINITE FORBIDDEN,2024-04-27
OCG,24YJ,YCSJ TOKYO 2024 記念商品 - ディアベルスターデュエルセット -,,,2024-04-28
RushDuel,RD/KP17,覚醒のバーストレックス,각성의 버스트렉스,,2024-05-11
RushDuel,RD/GC24,ギャラクシーカップ2024参加賞,,,2024-05-18
TCG,RA02,,,25TH ANNIVERSARY RARITY COLLECTION 2,2024-05-24
OCG,DP29,デュエリストパック -輝光のデュエリスト編-,듀얼리스트 팩 -휘광의 듀얼리스트 편-,,2024-05-25
OCG,QCPC,QUARTER CENTURY UNITY&PRIDEキャンペーン,,,2024-05-25
OCG,VP24,QUARTER CENTURY LEGENDARY SELECTION,,,2024-05-28
RushDuel,RD/CGR4,遊☆戯☆王ゴーラッシュ!! 第4巻 付録カード,,,2024-06-04
OCG,TT01,TACTICAL-TRY DECK 終撃竜サイバー・ドラゴン,택티컬 트라이 덱 종격룡 사이버 드래곤,,2024-06-08
TCG,OP25,,,OTS TOURNAMENT PACK 25,2024-06-12
RushDuel,RD/EV05,,이벤트 팩 2024 Vol.1,,2024-06-15
TCG,BLTR,,,BATTLES OF LEGEND: TERMINAL REVENGE,2024-06-21
OCG,24YA,AREA CHAMPIONSHIP 上位賞 2024年6月~,,,2024-06-22
OCG,AC04,アニメーション クロニクル 2024,애니메이션 크로니클 2024,,2024-06-22
OCG,24TP,トーナメントパック 2024 Vol.3,,,2024-07-01
RushDuel,RD/B242,バトルパック 2024 Vol.2,,,2024-07-01
RushDuel,RD/S242,スペシャルビクトリーパック 2024 Vol.2,,,2024-07-01
RushDuel,RD/SD0B,ストラクチャーデッキ バース・オブ・ヒーロー,스트럭처 덱 버스 오브 히어로,,2024-07-13
RushDuel,RD/ATR1,アトラクションパック,,,2024-07-21
RushDuel,RD/VC24,ジャンプビクトリーカーニバル2024 特典カード,,,2024-07-21
RushDuel,RD/BDG8,遊戯王ゴーラッシュ!! Blu-ray&DVD DUEL-8,,,2024-07-24
OCG,ROTA,レイジ・オブ・ジ・アビス +1ボーナスパック,레이지 오브 디 어비스,RAGE OF THE ABYSS,2024-07-27
OCG,711D,セブンイレブン「遊戯王カードゲーム」コラボキャンペーン2024特典カード,,,2024-08-08
RushDuel,RD/711D,セブンイレブン「遊戯王カードゲーム」コラボキャンペーン2024特典カード,,,2024-08-08
RushDuel,RD/KP18,幻影のダークマター,환영의 다크매터,,2024-08-10
RushDuel,RD/SC24,,러시 듀얼 「STELLA CUP 2024」최종전 참가상,,2024-08-11
RushDuel,RD/MT24,,"""Monthly Tournament"" 상위상 카드 2024년 제1회",,2024-08-17
OCG,DBCB,デッキビルドパック- クロスオーバー・ブレイカーズ -,덱 빌드 팩 크로스오버 브레이커즈,,2024-08-24
RushDuel,RD/P005,フュージョンデュエルトーナメント優勝賞品カード(第1期),,,2024-09-01
OCG,SD47,ストラクチャーデッキ-青き眼の光臨-,스트럭처 덱 파란 눈의 광림,,2024-09-07
RushDuel,RD/2024,Yu-Gi-Oh! WORLD CHAMPIONSHIP 2024,,,2024-09-08
OCG,CF01,COMPLETE FILE-白の物語-,,,2024-09-14
TCG,MP24,,,25TH ANNIVERSARY TIN: DUELING MIRRORS,2024-09-20
OCG,WPP5,WORLD PREMIERE PACK 2024,월드 프리미어 팩 2024,,2024-09-28
RushDuel,RD/P006,TOKYO GAME SHOW 2024,,,2024-09-28
RushDuel,RD/B243,バトルパック 2024 Vol.3,,,2024-10-01
RushDuel,RD/S243,スペシャルビクトリーパック 2024 Vol.3,,,2024-10-01
OCG,YO09,遊戯王OCGストラクチャーズ 第9巻 付録カード,,,2024-10-04
OCG,YOS2,遊戯王OCGストーリーズマギストス編 第4巻 付録カード,,,2024-10-04
TCG,OP26,,,OTS TOURNAMENT PACK 26,2024-10-10
RushDuel,RD/LGP2,真・レジェンド覚醒パック,진 레전드 각성 팩,,2024-10-12
RushDuel,RD/BDG9,遊戯王ゴーラッシュ!! Blu-ray&DVD DUEL-9,,,2024-10-23
OCG,SUDA,スプリーム・ダークネス +1ボーナスパック,슈프림 다크니스,SUPREME DARKNESS,2024-10-26
RushDuel,RD/EV06,,이벤트 팩 2024 Vol.2,,2024-11-02
TCG,RA03,,,QUARTER CENTURY BONANZA,2024-11-07
OCG,CCC2,COCO'S×遊戯王カードゲーム アニバーサリーキャンペーン2024 第1弾,,,2024-11-12
RushDuel,RD/CCC2,COCO'S×遊戯王カードゲーム アニバーサリーキャンペーン2024 第1弾,,,2024-11-12
OCG,QCLP,QUARTER CENTURY LIMITED PACK,,,2024-11-15
RushDuel,RD/KP19,灼熱のサラマンデウス,작열의 샐러맨데우스,,2024-11-16
OCG,TW02,TERMINAL WORLD 2,터미널 월드 2,,2024-11-23
TCG,CRBR,,,CROSSOVER BREAKERS,2024-12-06
OCG,AGF3,,AGF2024 기념상품 -디아벨스타 듀얼 세트-,,2024-12-07
RushDuel,RD/AGF1,,AGF2024 기념상품 -베리프레쉬 듀얼 세트- 특전 카드,,2024-12-07
TCG,SBC2,,,SPEED DUEL: BATTLE CITY FINALS,2024-12-13
RushDuel,RD/P007,マキシマムデュエルトーナメント賞品カード(第1期),,,2024-12-14
OCG,25PP,PREMIUM PACK 2025,프리미엄 팩 2025 2nd WAVE,,2024-12-21
OCG,25PR,プロモーションパック 2025,,,2024-12-21
OCG,QCTB,QUARTER CENTURY TRINITY BOX,,,2024-12-21
RushDuel,RD/25PR,プロモーションパック2025,,,2024-12-21
RushDuel,RD/SR03,,시크릿 레코드 팩 3 Vol.2,,2024-12-29
RushDuel,RD/B244,バトルパック 2024 Vol.4,,,2025-01-01
RushDuel,RD/S244,スペシャルビクトリーパック 2024 Vol.4,,,2025-01-01
OCG,AE21,,어드밴스드 이벤트 팩 2024 Vol.2 Version2,,2025-01-10
RushDuel,RD/TB02,トリプルビルドパック エボリューション・インパクト,트리플 빌드 팩 에볼루션 임팩트,,2025-01-11
RushDuel,RD/BDGX,遊戯王ゴーラッシュ!! Blu-ray&DVD DUEL-10,,,2025-01-22
OCG,ALIN,アライアンス・インサイト +1ボーナスパック,얼라이언스 인사이트,ALLIANCE INSIGHT,2025-01-25
RushDuel,RD/KP20,悠久のギャラクティカ,유구의 갤럭티카,,2025-02-08
TCG,SDWD,,,STRUCTURE DECK: BLUE-EYES WHITE DESTINY,2025-02-14
OCG,QCAC,QUARTER CENTURY ART COLLECTION,쿼터 센추리 아트 컬렉션,,2025-02-22
TCG,OP27,,,OTS TOURNAMENT PACK 27,2025-02-27
OCG,EDC1,遊戯王 アーリーデイズコレクション 同梱カード,,YU-GI-OH! EARLY DAYS COLLECTION,2025-02-27
RushDuel,RD/SD0C,ストラクチャーデッキ キメラテック・サイバー,키메라테크 사이버,,2025-03-08
RushDuel,RD/SD0D,ストラクチャーデッキ ハーピィ・レディ・シスターズ,해피 레이디 시스터즈,,2025-03-08
TCG,MZTM,,,MAZE OF THE MASTER,2025-03-14
OCG,VX05,公式カードカタログ ザ・ヴァリュアブル・ブックEX5 付録カード,,,2025-03-21
OCG,DBJH,デッキビルドパック - ジャスティス・ハンターズ -,저스티스 헌터즈,,2025-03-22
OCG,25TP,トーナメントパック 2025 Vol.1,,,2025-04-01
RushDuel,RD/B251,バトルパック 2025 Vol.1,,,2025-04-01
RushDuel,RD/S251,スペシャルビクトリーパック 2025 Vol.1,,,2025-04-01
RushDuel,RD/P008,7テーマデュエルトーナメント賞品カード(第2期),,,2025-04-05
TCG,RA04,,,QUARTER CENTURY STAMPEDE,2025-04-11
RushDuel,RD/5TH1,5th ANNIVERSARY PACK,5th ANNIVERSARY PACK,,2025-04-12
OCG,25YC,YCSJ TOKYO 2025 TOP64 景品カード,KCS2025 최종전 토너먼트 16강 진출자 경품,Yu-Gi-Oh! Championship Prize Cards 2025,2025-04-12
OCG,25YA,3x3 JAPAN CHAMPIONSHIP 2025 4月,,,2025-04-13
RushDuel,RD/JF25,E・HERO デュエルセット 特典カード,,,2025-04-18
OCG,NYC1,日本郵政コラボ記念カード,,,2025-04-22
RushDuel,RD/BDGY,遊戯王ゴーラッシュ!! Blu-ray&DVD DUEL-11,,,2025-04-23
OCG,ULSP,ULTIMATE SPECIAL PACK,얼티미트 스페셜 팩,,2025-04-26
RushDuel,RD/EV07,,이벤트 팩 2025 Vol.1,,2025-04-26
RushDuel,RD/SD0E,ストラクチャーデッキ 黒魔術の儀式,흑마술의 의식,,2025-04-26
OCG,DUAD,デュエリスト・アドバンス +1アシストパック,듀얼리스트 어드밴스+1어시스트 팩,DUELIST'S ADVANCE,2025-04-26
OCG,YO10,遊戯王OCGストラクチャーズ 第10巻 付録カード,,,2025-05-02
OCG,AE22,,어드밴스드 이벤트 팩 2025 Vol.1 Version2,,2025-05-22
OCG,TT02,TACTICAL-TRY DECK 退魔天使エクソシスター,택티컬 트라이 덱 퇴마천사 엑소시스터,,2025-05-24
OCG,VP25,DUEL ACADEMIA SELECTION,,,2025-05-28
OCG,SSC1,サンスター コラボ記念カード,,,2025-05-30
RushDuel,RD/KP21,進撃のアクセルロード,진격의 액셀로드,,2025-05-31
TCG,BLMM,,,BATTLES OF LEGEND: MONSTER MAYHEM,2025-06-13
TCG,OP28,,,OTS TOURNAMENT PACK 28,2025-06-18
OCG,TTP1,TACTICAL-TRY PACK -黒魔導・HERO・御巫-,택티컬 트라이 팩 -흑마도 / 히어로 / 미캉코-,,2025-06-28
RushDuel,RD/B252,バトルパック2025 Vol.2,,,2025-07-01
RushDuel,RD/S252,スペシャルビクトリーパック2025 Vol.2,,,2025-07-01
OCG,PREV,TACTICAL-TRY EVENT 2025,,,2025-07-12
RushDuel,RD/AP01,アドバンスパック デビルズ・セレモニー,어드밴스 팩 데블즈 세레모니,,2025-07-12
RushDuel,RD/VC25,ジャンプビクトリーカーニバル2025 特典カード,,,2025-07-13
OCG,25HY,,THE HYUNDAI SEOUL POP-UP 특별 팩 B,,2025-07-18
OCG,PRTB,,프리즈마틱 트리니티 박스,,2025-07-18
RushDuel,RD/25HY,,전해 내려오는 영웅담 듀얼 세트 특전 카드,,2025-07-18
RushDuel,RD/BDGZ,遊戯王ゴーラッシュ!! Blu-ray&DVD DUEL-12,,,2025-07-23
OCG,DOOD,ドゥーム・オブ・ディメンションズ +1アシストパック,둠 오브 디멘션즈 +1 어시스트 팩,DOOM OF DIMENSIONS,2025-07-26
TCG,JUSH,,,Justice Hunters,2025-08-01
RushDuel,RD/SC25,,러시 듀얼 「STELLA CUP 2025」최종전 참가상,,2025-08-03
OCG,711E,セブンイレブン「遊戯王カードゲーム」コラボキャンペーン2025 特典カード,,,2025-08-07
RushDuel,RD/711E,セブンイレブン「遊戯王カードゲーム」コラボキャンペーン2025 特典カード,,,2025-08-07
RushDuel,RD/KP22,戦慄のアウターバース,전율의 아우터버스,,2025-08-09
RushDuel,RD/AD01,,어드밴스드 빅토리 팩 Vol.1,,2025-08-22
OCG,DBPR,デッキビルドパック - ファントム・リベンジャーズ -,팬텀 리벤저스,,2025-08-23
OCG,DDS1,デラックスデュエルセット エクソシスター,,,2025-08-23
OCG,25LP,LIMITED PACK WORLD CHAMPIONSHIP 2025,,LIMITED PACK WORLD CHAMPIONSHIP 2025,2025-08-30
OCG,2025,Yu-Gi-Oh! WORLD CHAMPIONSHIP 2025 Celebration Event,유희왕 WCQ2025 한국대표선발전 지역예선 상위상,Yu-Gi-Oh! WORLD CHAMPIONSHIP 2025,2025-08-30
RushDuel,RD/2025,Yu-Gi-Oh! WORLD CHAMPIONSHIP 2025,,,2025-08-31
TCG,MP25,,,2025 MEGA-PACK TIN,2025-09-05
OCG,NKC1,NIKE コラボ記念カード,,NIKE COLLABORATION CARD,2025-09-05
OCG,SD48,ストラクチャーデッキ -パワー・オブ・フェローズ-,스트럭처 덱 -파워 오브 펠로우즈- 스페셜 세트,,2025-09-06
OCG,LPG1,LIMITED PACK GX -オシリスレッド-,,,2025-09-13
RushDuel,RD/GC25,ギャラクシーカップ2025 上位賞,,,2025-09-14
RushDuel,RD/SD0F,ストラクチャーデッキ 帝王の凱旋,제왕의 개선,,2025-09-20
OCG,WPP6,WORLD PREMIERE PACK 2025,월드 프리미어 팩 2025,,2025-09-27
OCG,EFC1,遊戯王×eFootballTMコラボ,,Yu-Gi-Oh! × eFootballTM Series Collab,2025-09-27
RushDuel,RD/B253,バトルパック2025 Vol.3,,,2025-10-01
RushDuel,RD/S253,スペシャルビクトリーパック2025 Vol.3,,,2025-10-01
TCG,OP29,,,OTS Tournament Pack 29,2025-10-15
RushDuel,RD/ORP3,オーバーラッシュパック3,오버러시 팩 3,,2025-10-18
RushDuel,RD/5THP,,5th PROMOTION PACK,,2025-10-22
OCG,BPRO,バースト・プロトコル +1アシストパック,버스트 프로토콜 +1 어시스트 팩,BURST PROTOCOL,2025-10-25
OCG,CH01,THE CHRONICLES DECK 白の物語,THE CHRONICLES DECK 순백의 이야기,THE CHRONICLES DECK: The Fallen & The Virtuous (All-Foil Edition),2025-10-25
OCG,25YJ,YCSJ NAGOYA 2025 記念商品 - ジャンク・ウォリアー デュエルセット -,,,2025-11-01
TCG,L5DD,,,Legendary 5D's Decks,2025-11-07
OCG,TW03,TERMINAL WORLD 3,터미널 월드 3,,2025-11-22
RushDuel,RD/5THS,5th SPECIAL PACK Vol.2,,,2025-11-29
RushDuel,RD/EV08,,이벤트 팩 2025 Vol.2,,2025-11-29
RushDuel,RD/KP23,新星のギアスチャージ,신성의 기아스차지,,2025-11-29
RushDuel,RD/WC24,5th SPECIAL PACK Vol.2,,,2025-11-29
OCG,YO11,遊戯王OCGストラクチャーズ 第11巻 付録カード,,,2025-12-04
TCG,PHRE,,,Phantom Revenge,2025-12-05
RushDuel,RD/P009,7テーマデュエルトーナメント 賞品カード(第3期),,,2025-12-06
OCG,LPST,LIMITED PACK ー STAMP EDITION ー,리미티드 팩 -스탬프 에디션-,,2025-12-13
OCG,STSP,SPECIAL PACK ー STAMP EDITION ー,스페셜 팩 -스탬프 에디션-,,2025-12-13
OCG,ABGX,Vジャンプブックス 遊☆戯☆王デュエルモンスターズGX アニメコンプリートガイド アカデミア決闘録 付録カード,,,2025-12-19
OCG,25DB,DUELIST BOX - PRISMATIC SUMMON - SPECIAL PACK,,,2025-12-20
OCG,26PP,PREMIUM PACK 2026,프리미엄 팩 2026,,2025-12-20
OCG,26PR,プロモーションパック 2026,,,2025-12-20
RushDuel,RD/26PR,プロモーションパック2026,,,2025-12-20
OCG,AE23,,어드밴스드 이벤트 팩 2025 Vol.2 Version2,,2025-12-24
RushDuel,RD/SS01,「サテライトショップ 特製プロモーションカードをGETせよ!!」 キャンペーン,,,2025-12-26
OCG,25WP,ウィナーズパック 2025 Vol.4,,,2026-01-01
RushDuel,RD/B254,バトルパック2025 Vol.4,,,2026-01-01
RushDuel,RD/S254,スペシャルビクトリーパック2025 Vol.4,,,2026-01-01
OCG,YOS3,遊戯王OCGストーリーズ 第6巻 付録カード,,,2026-01-05
RushDuel,RD/AP02,アドバンスパック リベンジ・ハーツ,어드밴스 팩 리벤지 하츠,,2026-01-10
OCG,BLZD,ブレイジング・ドミニオン +1アシストパック,블레이징 도미니온 +1 어시스트 팩,BLAZING DOMINION,2026-01-24
OCG,CH02,THE CHRONICLES DECK 精霊術の使い手,THE CHRONICLES DECK 정령술의 마스터,THE CHRONICLES DECK: SPIRIT CHARMERS (ALL-FOIL EDITION),2026-01-24
RushDuel,RD/FM01,ファンミーティング 記念カード,,,2026-01-25
RushDuel,RD/DL01,オーバーラッシュチャレンジカップ 賞品カード,,,2026-02-01
OCG,26EV,,령사 듀얼 세트 특전 카드,,2026-02-07
OCG,SYP2,,시너지 팩 02 -더 제너레이션 넥스트-,,2026-02-11
TCG,OP30,,,OTS TOURNAMENT PACK 30,2026-02-11
RushDuel,RD/KP24,深淵のオーバーフォース,심연의 오버포스,,2026-02-14
TCG,MZMU,,,MAZE OF MUERTOS,2026-02-20
OCG,LOCH,LIMIT OVER COLLECTION -THE HEROES-,리미트 오버 컬렉션 -더 히어로즈-,,2026-02-28
OCG,LOSP,LIMIT OVER SPECIAL PACK Vol.1,리미트 오버 스페셜 팩 Vol.1,,2026-02-28
RushDuel,RD/AD02,,어드밴스드 빅토리 팩 Vol.2,,2026-02-28
RushDuel,RD/5TH2,5th ANNIVERSARY デュエルセット,5th ANNIVERSARY 듀얼 세트,,2026-03-07
TCG,L26D,,,LEGENDARY MODERN DECKS 2026,2026-03-13
OCG,AW02,ARTWORK SERIES 掛軸 オベリスクの巨神兵,,,2026-03-14
OCG,NSC1,遊戯王OCG 『簡易融合』 カップヌードル コラボカード,,,2026-03-18
OCG,VX06,公式カードカタログ ザ・ヴァリュアブル・ブックEX6 付録カード,,,2026-03-19
OCG,LOCR,LIMIT OVER COLLECTION -THE RIVALS-,리미트 오버 컬렉션 -더 라이벌즈-,,2026-03-20
RushDuel,RD/B261,バトルボーナスパック2026 Vol.1,,,2026-04-01
RushDuel,RD/S261,スペシャルビクトリーパック2026 Vol.1,,,2026-04-01
OCG,26YA,DUELIST KING CUP 上位賞 2026年4月~,,,2026-04-04
OCG,TH01,ハーフデッキ ドラゴン族×融合召喚,,,2026-04-04
OCG,TH02,ハーフデッキ 魔法使い族×シンクロ召喚,,,2026-04-04
OCG,TH03,ハーフデッキ 戦士族×エクシーズ召喚,,,2026-04-04
RushDuel,RD/P013,オーバーラッシュチャレンジカップ 賞品カード,,,2026-04-04
RushDuel,RD/TH01,ハーフデッキ 戦士族,,,2026-04-04
RushDuel,RD/TH02,ハーフデッキ 魔法使い族,,,2026-04-04
RushDuel,RD/TH03,ハーフデッキ ギャラクシー族,,,2026-04-04
TCG,RA05,,,RARITY COLLECTION 5,2026-04-10
RushDuel,RD/ORP4,オーバーラッシュパック4,오버러시 팩 4,,2026-04-11
RushDuel,RD/EV09,,이벤트 팩 2026 Vol.1,,2026-04-24
OCG,CORI,カオス・オリジンズ+1エクスパンションパック,카오스 오리진즈 +1 익스팬션 팩,CHAOS ORIGINS,2026-04-25
RushDuel,RD/KP25,極光のライジング,,,2026-05-23
OCG,VP26,30th ANNIVERSARY DEMON'S PACK,,,2026-05-28
OCG,RV01,REVOLUTION BOOSTER -トゥーン・ウィッチクラフト・破械-,레볼루션 부스터 -툰 / 위치크래프트 / 언체인드-,,2026-05-30
TCG,BLGG,,,BATTLES OF LEGEND: GLORIOUS GALLERY,2026-06-05
OCG,26KF,,라뷰린스 듀얼 세트 특전 카드,,2026-06-06
OCG,AE24,,어드밴스드 이벤트 팩 2026 Vol.1 Version.2,,2026-06-06
OCG,26YC,YCSJ OSAKA 2026 上位賞,KCS2026 최종전 토너먼트 16강 진출자 경품,,2026-06-13
OCG,26YJ,YCSJ OSAKA 2026 記念商品 - ギャラクシーアイズ デュエルセット -,,,2026-06-13
RushDuel,RD/P011,ギャラクシーカップ2026 チーム戦予選 上位賞,,,2026-06-14
TCG,UP01,,,OTS ULTIMATE TOURNAMENT PACK 1,2026-06-17
OCG,WPP7,WORLD PREMIERE PACK 2026,월드 프리미어 팩 2026,,2026-06-27
OCG,26TP,トーナメントパック 2026 Vol.2,,,2026-07-01
OCG,26WP,ウィナーズパック 2026 Vol.2,,,2026-07-01
RushDuel,RD/B262,バトルボーナスパック2026 Vol.2,,,2026-07-01
RushDuel,RD/S262,スペシャルビクトリーパック2026 Vol.1,,,2026-07-01
OCG,YO12,遊戯王OCGストラクチャーズ 第12巻 付録カード,,,2026-07-03
RushDuel,RD/26S1,スペシャルパック2026 Vol.1,,,2026-07-11
RushDuel,RD/AP03,アドバンスパック ユニオン・ベース,,,2026-07-11
RushDuel,RD/WC25,スペシャルパック2026 Vol.1,,,2026-07-11
TCG,WI26,,,WINNER'S PACK 2026-2027,2026-07-15
OCG,BETB,ビヨンド・ザ・ブレイブ +1エクスパンションパック,,,2026-07-18
RushDuel,RD/VC26,ジャンプビクトリーカーニバル2026 特典カード,,,2026-07-19
OCG,26EP,イベントパック2026 Vol.1,,,2026-07-25
OCG,LPG2,LIMITED PACK GX -ラーイエロー-,,,2026-07-25
RushDuel,RD/P014,オーバーラッシュチャレンジカップ チーム戦 賞品カード,,,2026-08-01
RushDuel,RD/SC26,,러시 듀얼 「STELLA CUP 2026」최종전 참가상,,2026-08-01
TCG,LAVD,,,LEGENDARY ARC-V DECKS,2026-08-07
OCG,26GE,GENESYSパック 2026 Vol.1,,,2026-08-08
OCG,UT01,UTILITY SELECTION,,,2026-08-08
RushDuel,RD/AD03,,어드밴스드 빅토리 팩 Vol.3,,2026-08-08
OCG,DDS2,デラックスデュエルセット 閃刀姫,,,2026-08-22
RushDuel,RD/KP26,君臨のヘッドライナー,,,2026-08-22
OCG,26LP,LIMITED PACK WORLD CHAMPIONSHIP 2026,리미티드 팩 WORLD CHAMPIONSHIP 2026,LIMITED PACK WORLD CHAMPIONSHIP 2026,2026-08-29
OCG,2026,デュエルセット WCS2026,유희왕 월드챔피언십 2026 한국대표선발전 카드샵예선 상위상,Yu-Gi-Oh! WORLD CHAMPIONSHIP 2026,2026-08-29
RushDuel,RD/2026,Yu-Gi-Oh! WORLD CHAMPIONSHIP 2026,,,2026-08-30
TCG,26DE,,,DEMO PROGRESSION SET 2026,2026-09-03
TCG,MAMO,,,MAGNIFICENT MONSTERS,2026-09-04
OCG,DBGV,デッキビルドパック - グロリアス・ヴィクターズ -,,,2026-09-05
OCG,CRC1,CROCS コラボ記念カード,,CROCS COLLABORATION CARD,2026-09-09
OCG,SYP3,,시너지 팩 03 -히어로즈 유니버스-,,2026-09-10
RushDuel,RD/GC26,ギャラクシーカップ2026 上位賞,,,2026-09-13
OCG,AE25,,어드밴스드 이벤트 팩 2026 Vol.2 Version.1,,2026-09-19
RushDuel,RD/P010,限定イベント LIMIT1 上位賞,,,2026-09-21
OCG,YAC1,ORIGINAL ARTWORK COLLECTION,,,2026-09-26
